order	phase	language	lane	seed	source_bytes	wall_ms	compiler_ms	context_init_ms	daemon_load_ms	daemon_compile_ms	daemon_write_ms	source_sha256	output_sha256	stdout_sha256
0	external_randomized	rust	optimized	21	1002342	998.328						0e68f310d8e2cebbb163109ceaddc4102069f2219fe5ef0ba8a246c3ddae414c	f6d1472def650ce69c63dc2a213ea82741c3f4dc7ed908545fce86d322f846ba	0bd08436e4ab534510ef6599c652b4ca37c10846be59148e2fd5e3cd0a4d78eb
1	external_randomized	zig	optimized	38	1001223	915.377						1c3be549f40174f14dca93ab4435433487689d8414140f72946d46c7b7fd7c0a	dd5148c721a9c26b7722f15e3e38cf7236cdc1ce225d13d2035ebd62a3d85caa	45f78f5469186afe46de8f0bf55d026271619c7159850d0cd3838a7021974943
2	external_randomized	rust	o0	32	997636	1248.700						b0f9fac8a0010b455a312799ba0791c0536bd84186df899f48d28410bb7d9816	85f079c1343c48d5e88baf143274621d366e0d56c7f481b1075246b1347e2044	525940b113125824d48679d0e4c42322b3ea1c10366c499b6cdc6ca3819ad739
3	external_randomized	c	optimized	33	982505	5836.630						85edd8bcf66c5697232b9b7beacbbadf13fe3cdea53b78a4c5edd388572c0e08	ee02397bc44fac90af3bee9d2f813b556d9b74f83be60d8d4e09e12dfb3c9d81	31cdf141064994b026c768d958e74a47c2e1868687aadb038c9b93bdcac275b6
4	external_randomized	rust	o0	22	1003426	1267.969						bd30f5333132a6ec77fae931e7eef0daeb761a135e6061609107fec29778c5cd	fa2b4434879f426c586692ce248b9c165dd05721c8c6c20d049a86eb92e031dd	f6defc7258ffd52081d707a279568148de25a3d8aa54c3bfaff275e66eb188f5
5	external_randomized	zig	optimized	20	990195	854.062						6c94d9055d73ed88b922daa80a35d8fff1fdc79a566d7bd7527b8eed1f057047	a641f9c5f2e790bee26932eade1fa18684e6bbf072db454abb8ec36136801ccb	628ae6ffa36456bab36fad66b126eb944a5326cd9a2d49286ce0af1e7b730c1f
6	external_randomized	c	o0	21	981771	1137.653						bf67897ed572da0b9bfa9245c7176f9ec4f942d359050b297b0bcbf807bb203a	a4273c91928b0993723ed504034dc4449691cc9d09d414b6ef5e9f8fbe166d2e	0bd08436e4ab534510ef6599c652b4ca37c10846be59148e2fd5e3cd0a4d78eb
7	external_randomized	tcc	default	34	983093	17.512						051f0b9b3d2eda8c7e1ee8578f9e328611cf6c955dca42f95e357ee759287191	425cd83818c8bcbe98294be4064d9d32dec42d7a74e3fc552358c388fc3b834b	42cde6b10815c53b09e02de234b10ba85bb835cc1ff92d27bb09a1addf5c518a
8	external_randomized	zig	o0	36	1003245	410.321						16c7a61d25a847b1085ef818c5ac07fcca0e74dcdbe82c611ba3afa73c581259	d5010468c5ceb94248a3d842a75b63b1b0b4ac2af0be3977fa5bccb19d1ec5ec	eddf6878d9535ed10388c4be17c80144b0c9d235d7037ab11331442b20e8680a
9	external_randomized	c	optimized	25	981518	4706.999						8242727c5af5dee4dc7bcf27b2ab9838c1f736beb9b7224a9ff575900391a1aa	f65c8677ad429ed9d4526373cbe289759b367773adeb9cb06800947f0218c697	7231b4356461444276804b82875365393249b8de04af57ebb55eda875c0cff1c
10	external_randomized	cpp	optimized	23	982758	4856.096						c36c9155b06206a0a285f3534f0adc7b02ea7c7045cc1addb83e21985e8cd4e3	db471059be8aa226a0fda8c210b3d5ff0baf71dbfa691eb67ec578b3bb64cebd	32a3eb8a7e705be7a925ed34e3edfaa943216fca57c82616fe637811ebef66ce
11	external_randomized	zig	o0	30	1003951	441.297						a456eb84b10e0d0b96e41ada4a9f1980fccabb81e8be445b50604f5051faafd3	843cfc4e34d50ad9c46ef16b0f3e89cf64d5912771cf7f464f14e85d558a0f4d	31cdf141064994b026c768d958e74a47c2e1868687aadb038c9b93bdcac275b6
12	external_randomized	rust	optimized	22	1003426	824.815						bd30f5333132a6ec77fae931e7eef0daeb761a135e6061609107fec29778c5cd	cd38829965e6ab2a2e85a2b6d85f702fe1d58b29341f1849c9a975976e2b7a94	f6defc7258ffd52081d707a279568148de25a3d8aa54c3bfaff275e66eb188f5
13	external_randomized	zig	o0	21	1002489	452.482						f61e6b5e5648e57f504f44d6f6365176f59511d9ec96a893cf68aedf2b2f73c2	c239362c923d49f09312d93a40ec85a93b01e028b2fa1c14b1929e4960f6088b	0bd08436e4ab534510ef6599c652b4ca37c10846be59148e2fd5e3cd0a4d78eb
14	external_randomized	cpp	optimized	37	980804	4942.683						5c9cf94f4ee5756bf090e198648b5029570166f05486ae47c1804cce047610bb	835fe45db2d7a9ef29facbc8b592ef1f1c6b0763a2786f2cb4f7aa1f8b1471ab	289c175d22ff2c80560fb3deb24d15dc488f8a543f5fae8d70d5d14c9f325f35
15	external_randomized	cpp	optimized	34	983093	4925.553						6ffa3f446693d6ab9c79d02578ad25557893844132fb8c15e5ce19c90016443f	3b4d9a47449a3300b657d01f8d015785315545c75b1af4a2cc21a7c7f56bf4a7	42cde6b10815c53b09e02de234b10ba85bb835cc1ff92d27bb09a1addf5c518a
16	external_randomized	cpp	optimized	31	983065	4838.406						e65031dd8ce00be5cb1bf638e28ae3285a08b27a54c31c46fce9ee7e155d3882	3f29ec66de484d7454ab966f7506b58b0cf68f0abb57adadda070d82083b093d	21124d883146b99d7dc9f67c936ceb4f9c9e605ea3d1c0f8c44d332a68dd3d41
17	external_randomized	rust	o0	28	998600	1023.085						fbe2f56faf75474d71ae0267c26b0199860422f609a80c3bba901e39ba5fda64	72a227f92220067f731f699b8d3b63d917f0545e3ab983967d0e7bbd3da237a1	181210f8f9c779c26da1d9b2075bde0127302ee0e3fca38c9a83f5b1dd8e5d3b
18	external_randomized	zig	optimized	27	998784	793.113						affbd6dd94a68fd14a0aff568fccdb4695bb613d7e005ff887d75b0936bcbce1	f044dd68228e37450f6c61eb09680813a62532f2b6c5afa27a4dfc2736b5ae04	04e0e75067e564d696d0d38be18b52aca9e015c750ce94153f0f97edac76bcc9
19	external_randomized	zig	optimized	34	1003664	815.092						0aebf175d0a61aa04263b0a580e9d762c51c5fc26e8ccd4b2ecd3e741470fe22	1f3ec202c7ad809c32ef211220e6574cbf4ac94de56e2231dd821c59a0d186d2	42cde6b10815c53b09e02de234b10ba85bb835cc1ff92d27bb09a1addf5c518a
20	external_randomized	c	o0	26	984854	1055.379						b20468bc05a59d1076ca457a51534c5d2858288461ec56aed41666feeacf6d78	17269af8133124a574d9040d1d708665143139c38f27d0394489f5a56fb0880c	0a32604aacb3f75b6594bc0f1b119601274853501b445d2400201a09d60d86cd
21	external_randomized	tcc	default	39	982066	16.682						7607ab1c2c51228d9b050a992302f02bbca06c9c385715141196fe84b4a75304	68cf23bf66a7ffaa7717d64def9530693682738dc966439430fe39a24ac71f47	20cace6d85957965450e4b68f033a23abd2e924adf39f854993d54cd50015d06
22	external_randomized	rust	o0	39	1001831	1207.908						616f09556879a3c971726e2fa60a3b751fa543dd240f99cb2cb9fd910c6676f7	039ecb5b9bb785b3aec478418cd98d1f69542e5f6e126d755c424af16733c25c	20cace6d85957965450e4b68f033a23abd2e924adf39f854993d54cd50015d06
23	external_randomized	pareas	cuda	33	980339	615.476	303.716	213.061				7605ecb0b7f445a6087d985db41b0926d91a7ae1f8435e9326cb435068f95fc7	6d2f2b3a00320121637d9fdc66a50095a0ed50058bdb88517756cfbbae180f22	
24	external_randomized	c	o0	30	982639	1100.969						e5ba677216f49f624211265e75eb0ef4fb04ae9a67949faedd37fe20ded41681	5a2fabfb18cbf84485baf3c29d14de0d8a3dbcedf396004612641c4b656a7e8d	31cdf141064994b026c768d958e74a47c2e1868687aadb038c9b93bdcac275b6
25	external_randomized	c	o0	25	981518	1109.817						8242727c5af5dee4dc7bcf27b2ab9838c1f736beb9b7224a9ff575900391a1aa	a4bbc18b15b31255c835c7bcc1d7e7bcc3d6b644715d06335cd1d64856dff82f	7231b4356461444276804b82875365393249b8de04af57ebb55eda875c0cff1c
26	external_randomized	cpp	o0	27	980016	1196.559						b969753c75cd7284c4c05b709c540a39fa14a48214396b74211e7b834f24d722	a8183e0960b02b804b4a82408b3baf4fd476e0fc96aaf29c47f35670c261bc80	04e0e75067e564d696d0d38be18b52aca9e015c750ce94153f0f97edac76bcc9
27	external_randomized	cpp	optimized	30	982639	4943.625						51222a6cc615941ee75aa0f15a4a2d02aa31516f8ebefd2467b494ef833f10d7	137de2b5a57da8e8cdfa3550a2dc305b65fee8a6a31f8852e26ea5b99198e2de	31cdf141064994b026c768d958e74a47c2e1868687aadb038c9b93bdcac275b6
28	external_randomized	c	optimized	37	980804	4663.131						4651d9cff6c04d26900dc105970e4414198d3cf4455e8be713df283a19c789ca	7ad95ee6c1f86bf80dfaf0be7dfd4070a6cb47f5084caad47b0eb912f237b514	289c175d22ff2c80560fb3deb24d15dc488f8a543f5fae8d70d5d14c9f325f35
29	external_randomized	tcc	default	22	983729	17.978						8258910253edd63568d32b2fe0637e78d3a6ee6a3ee3a1ff00f3a9d2cdd25775	6e1c9031810d402e7ff2f9241d4dff0f59e4d9eaa607926ef03f699cb73c5b6f	f6defc7258ffd52081d707a279568148de25a3d8aa54c3bfaff275e66eb188f5
30	external_randomized	rust	o0	38	1001085	1098.333						8136e30d86fb8078445225c2d406fbe89013c1491469c340f44a74ad2e5a1c5d	19d7538e89c3450b00fb9fe85f1de197a316b0312f2ab9673fa93adc2f658fdf	45f78f5469186afe46de8f0bf55d026271619c7159850d0cd3838a7021974943
31	external_randomized	tcc	default	29	982912	16.980						ea9408b859fe6cab32aee5e514b8873a6d7ad6055b1ffa4adb1e1e6546f3472e	947ca0f469178303d2c27a2ae25f086828454fcf4e1da7886142b1b373027253	d1506f9b33d16a9d93f8b6aa03d6b12739f1b4a2fcb7403546b53e8c03fcff26
32	external_randomized	zig	o0	24	998800	481.932						878aec70feb7928225ed01cb6a812f75bbe1544d14a0c7fb54a695771870c475	543a522a312302ad1e4b73778e9fa9f0652e364bc29206ba9e97d828d572a733	17ac5a5ce9bb8f29cf9b3e1db92ad2429665f272d62f2edc8d905da27744c34d
33	external_randomized	rust	o0	29	1003317	1090.653						5f9463a669ba511862d89ff5ec9f937ddc04c16f05558480a9099fcf4cf8040f	fc1e580b56e5a6b428318284a1460c5942d52e25d714137e8f773daafd91beb8	d1506f9b33d16a9d93f8b6aa03d6b12739f1b4a2fcb7403546b53e8c03fcff26
34	external_randomized	c	o0	23	982758	1074.508						5a8be4083bc6b1f8cd73599bcd6b45e2f5e462f589ef82f7ea12e1379361a464	b443ff578b163774695afc40410c6d4427a12a3107e56beb6dac26f85a98dfef	32a3eb8a7e705be7a925ed34e3edfaa943216fca57c82616fe637811ebef66ce
35	external_randomized	tcc	default	23	982758	15.568						5a8be4083bc6b1f8cd73599bcd6b45e2f5e462f589ef82f7ea12e1379361a464	58ceb335560f2aca1f19e2caf86596231b64b962e1ab3b6e8b48a828c48bbcc6	32a3eb8a7e705be7a925ed34e3edfaa943216fca57c82616fe637811ebef66ce
36	external_randomized	rust	optimized	37	1000413	797.295						2730aea30ea46d7e3dba1d604171c5600969ed2cf3a71fb43bde190a329703f4	0a6a0e7a16f2a9933b42392fcd41a840d0ab627070ccf2d54b63dc1ebd20fee1	289c175d22ff2c80560fb3deb24d15dc488f8a543f5fae8d70d5d14c9f325f35
37	external_randomized	c	optimized	36	982312	4738.947						b34436a1190933efcd65fb437c1626f8f6660533c4fd50b6c04ba2f09caa6edc	d9a19b650771af0cf73a455b45c030632d8e63bfbd0daa8fb9c0f9c6938f3a5d	eddf6878d9535ed10388c4be17c80144b0c9d235d7037ab11331442b20e8680a
38	external_randomized	rust	o0	37	1000413	1166.195						2730aea30ea46d7e3dba1d604171c5600969ed2cf3a71fb43bde190a329703f4	c222089350abffcb7b2962e0ac0587b5ce2c9de7de17093995a5f12638287963	289c175d22ff2c80560fb3deb24d15dc488f8a543f5fae8d70d5d14c9f325f35
39	external_randomized	rust	optimized	34	1003522	879.265						e84c8f0f97a01985b283d001d35db83ec1e303f625b8dad8414edf714b453c25	6f21cb208cddff3510e45b5146c40c95ccbb152578f05c38c47be675bcded34e	42cde6b10815c53b09e02de234b10ba85bb835cc1ff92d27bb09a1addf5c518a
40	external_randomized	pareas	cuda	30	980438	513.926	223.997	196.243				5ea971050dd1000c373d0df8f81b7d68111a4b467945326ab268d06f6c7a4ae6	b2d361823d88e1cb0ca650002abf712a3d1a47c293d0c79b2956c8f0ddf978a6	
41	external_randomized	c	o0	38	981320	1042.929						f8c80eb42dfd737f09623a598f7948d34dc58685adc78e18caaf12ec873586e9	d0072d6889891c468cf742b54d64e48b927e1276b4146223f131e8d6230968a8	45f78f5469186afe46de8f0bf55d026271619c7159850d0cd3838a7021974943
42	external_randomized	cpp	optimized	38	981320	5025.280						9b44169145d075b71c999deac8c93d07e210a29938e604bf2d77be4420ebd2ca	e484e850833318f4eea75ff455d4269890b698981ead3c508d3d5b801ac8c619	45f78f5469186afe46de8f0bf55d026271619c7159850d0cd3838a7021974943
43	external_randomized	pareas	cuda	22	981673	572.313	276.259	184.156				64fba91883be00488b3a026788759113b12114538d3d4ebd7d1c8c2d6a09bba6	f6feb9e13cbcc3e1a579d3669ed4cf926d8f9cd6da629f3ffe80dbaa86920bd3	
44	external_randomized	rust	optimized	36	1003093	945.975						7111ead3b72c6489d64d90e61b6a5953fa9cc008d8dafb9ae093d11b4b539b6b	f9339fb50733d7a1c51caf9942fb79555a9bb0f34967f86e2e835a227f33186d	eddf6878d9535ed10388c4be17c80144b0c9d235d7037ab11331442b20e8680a
45	external_randomized	zig	optimized	21	1002489	761.546						f61e6b5e5648e57f504f44d6f6365176f59511d9ec96a893cf68aedf2b2f73c2	ea5fe9c6fc769df93736574c56ccf8ffa2bb3f785c1e6d259c2a9b64d11d19b3	0bd08436e4ab534510ef6599c652b4ca37c10846be59148e2fd5e3cd0a4d78eb
46	external_randomized	cpp	o0	21	981771	1363.091						482c90ae7102d5f7b9ea2ead27c523f514a756663c2ace1c4aaedcc5e4f47935	879abc29b19c6e491c9c5bab14058adca5f672adbdf0cfc4de77af696b9cdd56	0bd08436e4ab534510ef6599c652b4ca37c10846be59148e2fd5e3cd0a4d78eb
47	external_randomized	cpp	o0	20	971937	1153.815						9f94bfd8d5b9fa4b7458a0006f6b21fd3a5aedc4cd4160b8bd2da8f2d0235f25	7e6d1c6ea37d3f2e60b075cd01af144b32e85025d6788660beceaf4671dc839e	628ae6ffa36456bab36fad66b126eb944a5326cd9a2d49286ce0af1e7b730c1f
48	external_randomized	zig	optimized	29	1003463	761.069						d95c5ca672dbf79f8a776a8652e174f58f97b5ea24f0d1180cfc784b28c1dbd3	4802933a01f6ef4e09b2f449a2729239623ecfb6dd0146a4e9e13995a6c9b4a2	d1506f9b33d16a9d93f8b6aa03d6b12739f1b4a2fcb7403546b53e8c03fcff26
49	external_randomized	zig	optimized	35	1001339	774.602						e6b856b55d35de376cd932e68dac85d186fabbb7aac56fe58c494eda20a1db52	c3e4b22b97eb400d41513930e5be9c5aa97e41b0562e505b9da668a5af6e93f1	a93dbf1e95ddc4cfa84e9cd3cfa6c9e0e14affd79812abde4bca688224430a65
50	external_randomized	zig	o0	23	1003830	483.745						2f07d0c2bd2986eaadf85a1f3b0b423736db9dfbad60733e80280bddd8990e14	afd47815f55330b05ca68765738755954272c07e4c0a859031266cf70b035590	32a3eb8a7e705be7a925ed34e3edfaa943216fca57c82616fe637811ebef66ce
51	external_randomized	tcc	default	37	980804	15.798						4651d9cff6c04d26900dc105970e4414198d3cf4455e8be713df283a19c789ca	02f1a4ec09d4e532e15f37d571b4b6efba8c728a7fac623010f783ee453ffd28	289c175d22ff2c80560fb3deb24d15dc488f8a543f5fae8d70d5d14c9f325f35
52	external_randomized	pareas	cuda	24	974763	519.547	226.055	191.297				f8648f1f6f3d29037bc1bf3f17c0fd629f447abdb8c6a994808f7e44eb55f80a	4112f9df3322ba31ec20681167088490c69638e6faacbe00ee2f55dbc202ba53	
53	external_randomized	c	o0	32	978667	1174.404						23ac68036bda984dba05e5e5eeb1a085554e09c118df45aba011f99a880febf2	21bbb82d59af8888963b58c860a9cf4cd5da2d2dbeb20319de9f4a6bb75e6a26	525940b113125824d48679d0e4c42322b3ea1c10366c499b6cdc6ca3819ad739
54	external_randomized	tcc	default	36	982312	18.321						b34436a1190933efcd65fb437c1626f8f6660533c4fd50b6c04ba2f09caa6edc	fe3884a363c28e99143dc5590d5b5706fe63cb818e81d085e1a993d9de19e5c4	eddf6878d9535ed10388c4be17c80144b0c9d235d7037ab11331442b20e8680a
55	external_randomized	rust	o0	23	1003685	1090.708						06316a391c5a4c6da47cc1b2d57e760cedb628bddf606defb369c038ce3f56a4	4eed03dd40e53d241f6f54fb481b82e1e4da50235643a6ab975a9922b6857ebc	32a3eb8a7e705be7a925ed34e3edfaa943216fca57c82616fe637811ebef66ce
56	external_randomized	c	o0	28	978859	1185.511						b99061df2e0e26e9d1118c37688a3a168ee7fdd271bac1a1044a85d7fb240ca7	08a7cafddcc055586349491c7374396d94854f17ac8769a1ee37fb6dd1f62ab5	181210f8f9c779c26da1d9b2075bde0127302ee0e3fca38c9a83f5b1dd8e5d3b
57	external_randomized	cpp	optimized	32	978667	5217.181						2cdd3639f7305ef271727fb52003c57fa5e4754396c4f954094473c59898a399	ee601bc3132ffbaf350971a7b782783be477677d2d94b320af74a07aa1b36d9a	525940b113125824d48679d0e4c42322b3ea1c10366c499b6cdc6ca3819ad739
58	external_randomized	rust	o0	21	1002342	1172.448						0e68f310d8e2cebbb163109ceaddc4102069f2219fe5ef0ba8a246c3ddae414c	2b970a16835296f8de96d744cfc50ba48bf5aa976e4aa1a0cb5be7fb3d224d41	0bd08436e4ab534510ef6599c652b4ca37c10846be59148e2fd5e3cd0a4d78eb
59	external_randomized	rust	optimized	33	1003266	1070.418						8b23892af5e8e5855b35710c66c5e25708c0a1be70bb3acb638494254e3a1a67	2abf684e11f54052167a8eb2a96723a6477ff629107c6c928bb7782aaeff76b0	31cdf141064994b026c768d958e74a47c2e1868687aadb038c9b93bdcac275b6
60	external_randomized	cpp	optimized	21	981771	5273.016						482c90ae7102d5f7b9ea2ead27c523f514a756663c2ace1c4aaedcc5e4f47935	a90d675266655d0dfae475b11e01e0270c870bca784199344248bcb9db2dcbb5	0bd08436e4ab534510ef6599c652b4ca37c10846be59148e2fd5e3cd0a4d78eb
61	external_randomized	rust	optimized	28	998600	878.629						fbe2f56faf75474d71ae0267c26b0199860422f609a80c3bba901e39ba5fda64	f7b2df8b19abbaf6c6d0da65879554340e59344a2c7417ef5ae65a31e19d5be8	181210f8f9c779c26da1d9b2075bde0127302ee0e3fca38c9a83f5b1dd8e5d3b
62	external_randomized	tcc	default	27	980016	17.557						aa6c5a8cac85ee100da87c7d29241bfe142a730d8370075b2a24db2560a30983	dacfde1f882d76a47c61ac27010efe7d05cb2d0b445cffc13e98e80823329d49	04e0e75067e564d696d0d38be18b52aca9e015c750ce94153f0f97edac76bcc9
63	external_randomized	rust	o0	33	1003266	1170.380						8b23892af5e8e5855b35710c66c5e25708c0a1be70bb3acb638494254e3a1a67	64814bf916e36ee514bef1e05bfa0a233b4c0879d5b8508557efd73639654715	31cdf141064994b026c768d958e74a47c2e1868687aadb038c9b93bdcac275b6
64	external_randomized	zig	o0	31	1002529	455.457						e5c55c9a367158ee1583d14e2e0c11dda809fa344e690152221fe357beb794d4	45514eee3f844919212766a99ff82b01437f8219fe3dbc30388e7db33f434559	21124d883146b99d7dc9f67c936ceb4f9c9e605ea3d1c0f8c44d332a68dd3d41
65	external_randomized	c	o0	27	980016	1111.587						aa6c5a8cac85ee100da87c7d29241bfe142a730d8370075b2a24db2560a30983	fad588095f20a61a836da43fa896e6e2872ec63383baea1dc4609bb0438704f7	04e0e75067e564d696d0d38be18b52aca9e015c750ce94153f0f97edac76bcc9
66	external_randomized	pareas	cuda	37	978757	599.773	290.330	193.046				7b26fd9066f9fda1c1e6cc5b6be4129463fc47bb18f73d0b2ec77ca5ad955ce8	046e341524cf86a88205a91ae1763eef5fb7b133ca34b0b46ca291c0022ab740	
67	external_randomized	cpp	o0	22	983729	1269.006						bdc22793aee6fe14039c336e3d012aaee868fd3d67daf5752207b9d914d59c40	6872dacfb4c7e45196058a970dfe857a3ad19c20353a9ef794db2fd7082d9ae8	f6defc7258ffd52081d707a279568148de25a3d8aa54c3bfaff275e66eb188f5
68	external_randomized	cpp	o0	34	983093	1238.654						6ffa3f446693d6ab9c79d02578ad25557893844132fb8c15e5ce19c90016443f	f71b52d7a7877963c2536a0e4ce4a4230c096987491be5066213a74651e1edbf	42cde6b10815c53b09e02de234b10ba85bb835cc1ff92d27bb09a1addf5c518a
69	external_randomized	c	optimized	24	977015	4779.953						fd9ae622bc26c831c918ec238fc18ed65eed4b255a376eda86d9cd8c54ab4958	d45156dec151dda8b8b98744c4652363552e27727b9184f8145555801f8e24da	17ac5a5ce9bb8f29cf9b3e1db92ad2429665f272d62f2edc8d905da27744c34d
70	external_randomized	rust	o0	34	1003522	1155.889						e84c8f0f97a01985b283d001d35db83ec1e303f625b8dad8414edf714b453c25	cf6eb6638dca045a6de91054144463c1c69a246b293934fb9a7d1883c452df0b	42cde6b10815c53b09e02de234b10ba85bb835cc1ff92d27bb09a1addf5c518a
71	external_randomized	pareas	cuda	27	978067	562.204	301.790	171.742				753cce8cd6b505b35fcec260ace0823dc15bf215e193425102c186123c5aea14	19ba29ca206131c01921819e89df5475df3949c59e3568bbffb62dded946df41	
72	external_randomized	tcc	default	35	982365	17.909						34133d52d73349404638de9608cbf9e99921d820a9d5ed03b00f61ca079d4575	6b17612ed1197148c5efec5b7741a5febc3dea1b674182eb52f3ac693374316f	a93dbf1e95ddc4cfa84e9cd3cfa6c9e0e14affd79812abde4bca688224430a65
73	external_randomized	c	optimized	38	981320	4777.498						f8c80eb42dfd737f09623a598f7948d34dc58685adc78e18caaf12ec873586e9	e12b880b56edab74c9fe1399faf8d1f3d8d08ece1e9112531b2963c75f775713	45f78f5469186afe46de8f0bf55d026271619c7159850d0cd3838a7021974943
74	external_randomized	c	o0	24	977015	1070.858						fd9ae622bc26c831c918ec238fc18ed65eed4b255a376eda86d9cd8c54ab4958	126501ef8d5828e2c72481c94ee17439168d014b6132793aefaf4d76e180d90f	17ac5a5ce9bb8f29cf9b3e1db92ad2429665f272d62f2edc8d905da27744c34d
75	external_randomized	tcc	default	26	984854	18.083						b20468bc05a59d1076ca457a51534c5d2858288461ec56aed41666feeacf6d78	73eb8ca7a1af03fc4064f02f868be5ca60a11edde74785e0e65ccb153463f3d5	0a32604aacb3f75b6594bc0f1b119601274853501b445d2400201a09d60d86cd
76	external_randomized	cpp	o0	28	978859	1161.799						58ef12aa1da7fdb6cb9aeb79200c3d8fb48780b56ecc96a81cd02eae8a65c774	20baf0175ba29b95fc6225e575a7aacd872f1e52e6d6f71b08878c0f8ecb4fa0	181210f8f9c779c26da1d9b2075bde0127302ee0e3fca38c9a83f5b1dd8e5d3b
77	external_randomized	c	optimized	35	982365	4790.350						34133d52d73349404638de9608cbf9e99921d820a9d5ed03b00f61ca079d4575	9685ba1b3f2a99559272b1568b2bef21b28c5dd06249282586059745a44e6ca6	a93dbf1e95ddc4cfa84e9cd3cfa6c9e0e14affd79812abde4bca688224430a65
78	external_randomized	tcc	default	20	971937	17.542						fa753436b3a7e7ef0d910e9e47e3c950ec2e5dc293ba15423bb5d5f29d46030e	e5462e9ef40faed60156d9d6d50d625dbcb919fba7ffb3cdfdce5ae249fa1b4e	628ae6ffa36456bab36fad66b126eb944a5326cd9a2d49286ce0af1e7b730c1f
79	external_randomized	cpp	o0	38	981320	1369.465						9b44169145d075b71c999deac8c93d07e210a29938e604bf2d77be4420ebd2ca	52d41c7094e7bba183580956a380fe674f2b8e8ce26a5b82d9e1890b7ded0535	45f78f5469186afe46de8f0bf55d026271619c7159850d0cd3838a7021974943
80	external_randomized	cpp	o0	36	982312	1193.857						dd37f3dac679a0f255cf4db058991532735eacd40c8ff6fa5da2c00b0553ad95	d3729827ec8d8a33d91c356d31501b4a0b3c8f76915868882b2aee90feae75a7	eddf6878d9535ed10388c4be17c80144b0c9d235d7037ab11331442b20e8680a
81	external_randomized	zig	o0	34	1003664	464.262						0aebf175d0a61aa04263b0a580e9d762c51c5fc26e8ccd4b2ecd3e741470fe22	37271cf86cd04566da8b0886fa2abf7fb422845fd18b9ea2f56284c9e227c9ba	42cde6b10815c53b09e02de234b10ba85bb835cc1ff92d27bb09a1addf5c518a
82	external_randomized	rust	o0	30	1003792	1107.093						56d1ce563a45d1dc19d0b17bc7860066398178110bb15f1faae5414e4abecb5a	2c9ab952aeee7b67285a8123d460892e6b48625946cb8d13e1ee3a357ef9e024	31cdf141064994b026c768d958e74a47c2e1868687aadb038c9b93bdcac275b6
83	external_randomized	cpp	o0	26	984854	1524.054						a35dc9e0ca8a2bee9eeed02fcd28b52676bab90b4b1e04785425a9badc1bc6bc	615ea8be75e13c5ac6fd6b635d69c5bcc63faf7376214d42a40138d83521ad4c	0a32604aacb3f75b6594bc0f1b119601274853501b445d2400201a09d60d86cd
84	external_randomized	pareas	cuda	20	970046	609.178	277.836	232.862				2d14414d6d52531ee5ba99380b1683650d3e404782c7c4c08b00d1f4e35106ea	1f918905a867918ee2ccd3a0c8ef4c2d42bac04168c656cf29d018a425d03d52	
85	external_randomized	c	o0	22	983729	1307.291						8258910253edd63568d32b2fe0637e78d3a6ee6a3ee3a1ff00f3a9d2cdd25775	989954e60c9dbc27eb12f9d08d31871080ff9680d5b84fe1fe2461ea46b1d5cd	f6defc7258ffd52081d707a279568148de25a3d8aa54c3bfaff275e66eb188f5
86	external_randomized	c	optimized	39	982066	5075.616						7607ab1c2c51228d9b050a992302f02bbca06c9c385715141196fe84b4a75304	242510a4d9e1f40c369b7cbcd939b987bd56cae302e8c63a176133e00e1064c0	20cace6d85957965450e4b68f033a23abd2e924adf39f854993d54cd50015d06
87	external_randomized	pareas	cuda	35	980402	609.867	314.865	203.539				8e906e2308eee7b6cd1f9bbf698239833bae50d8fbea91c535c44de6f7bee300	d09f6c73163f38a71f2d1eb5f00a4d05f3e752168de6dae980ecf71499aa38b8	
88	external_randomized	cpp	optimized	22	983729	4917.526						bdc22793aee6fe14039c336e3d012aaee868fd3d67daf5752207b9d914d59c40	69303122dbcce333119c5ae618c7ef17bafac0ed8d7a417d83c9f7ffb45bf5cd	f6defc7258ffd52081d707a279568148de25a3d8aa54c3bfaff275e66eb188f5
89	external_randomized	zig	optimized	25	1002281	751.168						9578c0b096979642aff6b87516ee286e1f5446a651d98e9030351a74dbc8cb70	d825ef25b28efbd07193383de9336b2c0a0442738d707d28b20cbc91d69b673e	7231b4356461444276804b82875365393249b8de04af57ebb55eda875c0cff1c
90	external_randomized	cpp	o0	24	977015	1213.705						cb36d7a5127c48386ec3227f44892cfaaa3a06847c8fc89a63c19c945fe15f62	a28f00b57c4eb5a814f8f834bf1b40703eb1a3606a0b9792b10a0a40c97ede3b	17ac5a5ce9bb8f29cf9b3e1db92ad2429665f272d62f2edc8d905da27744c34d
91	external_randomized	pareas	cuda	25	979372	573.340	251.056	219.665				a705d5ee9de46fe7af6268f6e0c7874471c2aafb82670e5af8ef5df6d11c55af	39003fcbe6fe4234d843b6ffacfe1ccbfd43be26e3583a3f683c13d9f8c67b7a	
92	external_randomized	c	optimized	31	983065	4834.569						b334d826d039c558d67cba55f8a2bac571d19943a2217b325e42f47b85141ebe	e93c694c7ce556cafa538b9d4777b53f3c76d27f86e0fba1a7bbd48c8495b8e9	21124d883146b99d7dc9f67c936ceb4f9c9e605ea3d1c0f8c44d332a68dd3d41
93	external_randomized	zig	o0	25	1002281	453.727						9578c0b096979642aff6b87516ee286e1f5446a651d98e9030351a74dbc8cb70	3362495747f6570c1252ed4af8ac36d6de85e74169d606232cf31bbf6b2c59a3	7231b4356461444276804b82875365393249b8de04af57ebb55eda875c0cff1c
94	external_randomized	cpp	o0	33	982505	1202.622						fa511dd4c47765b4a5b4cb92cac7732ea199c004da7243f992c2637c2e1bd544	55567a39b84dbe3026836e12b11a76f9362bf9b23ae7400041463e80768c44d2	31cdf141064994b026c768d958e74a47c2e1868687aadb038c9b93bdcac275b6
95	external_randomized	cpp	o0	25	981518	1197.795						1c186e457936de71561667e00f73ec290b1ac06d6715f16b6d70e25373d66300	ffd4fa9dd6d0d2d1ade88f279ac79c6d88da8434b4b080726b348f91c2263992	7231b4356461444276804b82875365393249b8de04af57ebb55eda875c0cff1c
96	external_randomized	c	optimized	27	980016	4689.861						aa6c5a8cac85ee100da87c7d29241bfe142a730d8370075b2a24db2560a30983	2f4c4f62355ee5db4fc2ee3d1667cae417ace2f58474c69f68bd4b6abb72eb8d	04e0e75067e564d696d0d38be18b52aca9e015c750ce94153f0f97edac76bcc9
97	external_randomized	rust	o0	31	1002386	1152.653						4ea752779c436e34877ac42493fd466147856c57edcea90201a5028f9ddec9ea	d6a2fcbd7a042ff9858fc4c0c51465df3d14b147b0676437033df3ccbae72124	21124d883146b99d7dc9f67c936ceb4f9c9e605ea3d1c0f8c44d332a68dd3d41
98	external_randomized	cpp	optimized	24	977015	5358.631						cb36d7a5127c48386ec3227f44892cfaaa3a06847c8fc89a63c19c945fe15f62	2a9906f41b25d7814cebf76ef247271fc702a5455b04450155afdea3499aa4d8	17ac5a5ce9bb8f29cf9b3e1db92ad2429665f272d62f2edc8d905da27744c34d
99	external_randomized	zig	optimized	23	1003830	785.314						2f07d0c2bd2986eaadf85a1f3b0b423736db9dfbad60733e80280bddd8990e14	575081d6bd0875a3db3d90a1b4899625caaa25b60c10cbf0bd79def06af1be64	32a3eb8a7e705be7a925ed34e3edfaa943216fca57c82616fe637811ebef66ce
100	external_randomized	cpp	optimized	29	982912	5322.734						79674ffd489f01290ec4421e3abd086ecb3665ba576a7d225b8a67ba4afd2de9	06569664e36c63adb94bcb615852cbcc60af8b3c876165753e079c6c6c6c6d78	d1506f9b33d16a9d93f8b6aa03d6b12739f1b4a2fcb7403546b53e8c03fcff26
101	external_randomized	zig	o0	35	1001339	466.933						e6b856b55d35de376cd932e68dac85d186fabbb7aac56fe58c494eda20a1db52	7d9dbc1e2d7369f36bb09f8df1908eeb089100fae2b126c073ee6831d2b77353	a93dbf1e95ddc4cfa84e9cd3cfa6c9e0e14affd79812abde4bca688224430a65
102	external_randomized	c	o0	37	980804	1168.161						4651d9cff6c04d26900dc105970e4414198d3cf4455e8be713df283a19c789ca	968c348dfa67d5a242c402aa9d9ecec983b4769e7b18db29756c41f4f087c3a4	289c175d22ff2c80560fb3deb24d15dc488f8a543f5fae8d70d5d14c9f325f35
103	external_randomized	tcc	default	33	982505	17.571						85edd8bcf66c5697232b9b7beacbbadf13fe3cdea53b78a4c5edd388572c0e08	bcc9dd55864a1c983204a477bacdb086ce19ed4f7b2b75b23574af55e8f629f5	31cdf141064994b026c768d958e74a47c2e1868687aadb038c9b93bdcac275b6
104	external_randomized	c	optimized	30	982639	4713.886						e5ba677216f49f624211265e75eb0ef4fb04ae9a67949faedd37fe20ded41681	a774ebc77548d5ef6690a8f6b5c6a5a2c82b85c5abe141df2e63662b06d72245	31cdf141064994b026c768d958e74a47c2e1868687aadb038c9b93bdcac275b6
105	external_randomized	tcc	default	28	978859	17.694						b99061df2e0e26e9d1118c37688a3a168ee7fdd271bac1a1044a85d7fb240ca7	29103596a2a094ffcb11be1f01965bf4d216f323279694ae9dd627a4edfbec1d	181210f8f9c779c26da1d9b2075bde0127302ee0e3fca38c9a83f5b1dd8e5d3b
106	external_randomized	pareas	cuda	29	980784	613.643	296.090	200.246				ff11b899df39571538f5cd8cee2c9a54e533dd1c739af85264e412d82090e660	a0d67616aa81617bc7c99f11ea0226d1f3883f17ce8329e2d72d95884d29f986	
107	external_randomized	c	optimized	21	981771	4884.993						bf67897ed572da0b9bfa9245c7176f9ec4f942d359050b297b0bcbf807bb203a	25e2bcce5dce14ea1e967b2d19b68f84025a8ab03bbbac1ea30e81e17b4195dc	0bd08436e4ab534510ef6599c652b4ca37c10846be59148e2fd5e3cd0a4d78eb
108	external_randomized	zig	o0	26	1002855	503.941						1593ca88e9d260473094b9ae0410bcf274a05f5b1c4a53d5f765c0f95c0f6afd	a201a466e6b7b5179fe714683ff95a6ff2d505f8b22b1b3d1be37b2d473cc1dc	0a32604aacb3f75b6594bc0f1b119601274853501b445d2400201a09d60d86cd
109	external_randomized	rust	o0	36	1003093	1250.013						7111ead3b72c6489d64d90e61b6a5953fa9cc008d8dafb9ae093d11b4b539b6b	e9e868512e7580e9260aecb55accf6b9fcfee9cdc7f4e831d6de612aba9e06a9	eddf6878d9535ed10388c4be17c80144b0c9d235d7037ab11331442b20e8680a
110	external_randomized	zig	o0	29	1003463	492.408						d95c5ca672dbf79f8a776a8652e174f58f97b5ea24f0d1180cfc784b28c1dbd3	c19b40400b1963416290d8fb9aab5aba63b1de0e4db457671320747628379786	d1506f9b33d16a9d93f8b6aa03d6b12739f1b4a2fcb7403546b53e8c03fcff26
111	external_randomized	rust	optimized	32	997636	937.496						b0f9fac8a0010b455a312799ba0791c0536bd84186df899f48d28410bb7d9816	9881067aa298cbc41c2a910ef5355fb66435ec2a60a4d483847d6263a1af25f1	525940b113125824d48679d0e4c42322b3ea1c10366c499b6cdc6ca3819ad739
112	external_randomized	cpp	o0	23	982758	1507.450						c36c9155b06206a0a285f3534f0adc7b02ea7c7045cc1addb83e21985e8cd4e3	5c3bf15c03994315378a31129ba78a36390f9e17e93acb97eb8aa54207e1df63	32a3eb8a7e705be7a925ed34e3edfaa943216fca57c82616fe637811ebef66ce
113	external_randomized	rust	optimized	29	1003317	923.065						5f9463a669ba511862d89ff5ec9f937ddc04c16f05558480a9099fcf4cf8040f	3075114b0291fc40238421bd388b68c465932eb3661fe760e2278fe6d9f9cfdf	d1506f9b33d16a9d93f8b6aa03d6b12739f1b4a2fcb7403546b53e8c03fcff26
114	external_randomized	zig	optimized	24	998800	839.267						878aec70feb7928225ed01cb6a812f75bbe1544d14a0c7fb54a695771870c475	fba2fbcd062427ef808cf22f69932cfbaa79b0a99be9f2a4b2a234e86705cf61	17ac5a5ce9bb8f29cf9b3e1db92ad2429665f272d62f2edc8d905da27744c34d
115	external_randomized	rust	optimized	25	1002129	925.700						7a65f3268580d2043a363a6da7f256311b2e0b523d39ca25ba6cc4002e86764e	29d494c62479b96d4be560fe20983e26eaf7119ae98cef3072b2a18e360c41c9	7231b4356461444276804b82875365393249b8de04af57ebb55eda875c0cff1c
116	external_randomized	cpp	optimized	26	984854	5551.147						a35dc9e0ca8a2bee9eeed02fcd28b52676bab90b4b1e04785425a9badc1bc6bc	c19deef05cdd1eaedb92df172b125e9107185af79b00d8ea33f903fe1b898553	0a32604aacb3f75b6594bc0f1b119601274853501b445d2400201a09d60d86cd
117	external_randomized	c	o0	34	983093	1088.079						051f0b9b3d2eda8c7e1ee8578f9e328611cf6c955dca42f95e357ee759287191	d6833899df21a7e02a2fc97b419d187c1c8c66eec02bd5668833d6815f27fd49	42cde6b10815c53b09e02de234b10ba85bb835cc1ff92d27bb09a1addf5c518a
118	external_randomized	rust	optimized	31	1002386	849.592						4ea752779c436e34877ac42493fd466147856c57edcea90201a5028f9ddec9ea	710ccca6b2013bd10e842641f5a9a57d99cdde05f217263676a6cdc0a41c8640	21124d883146b99d7dc9f67c936ceb4f9c9e605ea3d1c0f8c44d332a68dd3d41
119	external_randomized	pareas	cuda	36	980146	595.842	284.023	183.584				c418bf1b181de03e953abee34810c2f0958d5e840f40ee494f5f3ef1e37880e8	b1802f4153dee82323bf7b40b1a299543dcdf4d8cf0a0fc4c3077a555855dc46	
120	external_randomized	rust	o0	20	990058	1285.354						4ea265f09725ba6d62ab0f5054bcb8500622c33f12c2bc6d03c09e1926722a8f	94c32928a575fcd28cf3cb93bfc57443c2e10e969a9e292f8ad4c059951fb731	628ae6ffa36456bab36fad66b126eb944a5326cd9a2d49286ce0af1e7b730c1f
121	external_randomized	pareas	cuda	28	976799	498.436	259.258	140.906				a902399bf3d780ee88c9e0d4f534e3fa555c88d0fc8c09d1e75dacceeab0604a	2d74ebb27ef1e0921b528eee9bd0a6559f2277d4582ed1f90fb4a98d46e7a2a0	
122	external_randomized	cpp	optimized	25	981518	5208.215						1c186e457936de71561667e00f73ec290b1ac06d6715f16b6d70e25373d66300	fd7d83ba74a72494d63a74948bcab985e047f5b8dc701b348de62390627fba2a	7231b4356461444276804b82875365393249b8de04af57ebb55eda875c0cff1c
123	external_randomized	zig	o0	38	1001223	468.848						1c3be549f40174f14dca93ab4435433487689d8414140f72946d46c7b7fd7c0a	345c9eb656d26bdb1456c20b296c22314a98ceaceba49a47c2648ef18bcc90d5	45f78f5469186afe46de8f0bf55d026271619c7159850d0cd3838a7021974943
124	external_randomized	c	optimized	26	984854	5095.531						b20468bc05a59d1076ca457a51534c5d2858288461ec56aed41666feeacf6d78	389746f4dd65287de6c92146970d49957c67972375c7a323019cc3ed1f5ec157	0a32604aacb3f75b6594bc0f1b119601274853501b445d2400201a09d60d86cd
125	external_randomized	c	optimized	29	982912	4907.746						ea9408b859fe6cab32aee5e514b8873a6d7ad6055b1ffa4adb1e1e6546f3472e	1bc975af83eb22bb416c08fbdf7018d794324b874d46fa80a0082cf3bcee6e8b	d1506f9b33d16a9d93f8b6aa03d6b12739f1b4a2fcb7403546b53e8c03fcff26
126	external_randomized	zig	optimized	39	1001969	831.409						e919e8556d18ff4a94de16b2f285ea15a0bebde045d5f8a466dfc9a121993ed2	092b1c9efaddf98881d87c37e927829a449d112eecd6d7991dd685b97a62d458	20cace6d85957965450e4b68f033a23abd2e924adf39f854993d54cd50015d06
127	external_randomized	zig	optimized	36	1003245	865.350						16c7a61d25a847b1085ef818c5ac07fcca0e74dcdbe82c611ba3afa73c581259	0412df24d523a9dd224bcf3bdc940eb764d8c35b2b77da6eb89212e3df95bc48	eddf6878d9535ed10388c4be17c80144b0c9d235d7037ab11331442b20e8680a
128	external_randomized	rust	optimized	38	1001085	959.515						8136e30d86fb8078445225c2d406fbe89013c1491469c340f44a74ad2e5a1c5d	f3de0f41bc0044b4a30e977dd4b85fa1a1351f86fa0d528e66ef837b71abfeaf	45f78f5469186afe46de8f0bf55d026271619c7159850d0cd3838a7021974943
129	external_randomized	pareas	cuda	26	982982	695.525	288.682	294.885				b9cada75dc5cc40d9a5e005d0f2f7b7e4da4c09a74f98180b6309a8ef96a1235	de8439ff4fec45eaf824349532faaa9f6111c3d794575b60a9890f071f178ea4	
130	external_randomized	c	o0	29	982912	1473.211						ea9408b859fe6cab32aee5e514b8873a6d7ad6055b1ffa4adb1e1e6546f3472e	dfe34488e7c7b381c25902d6cc5423b437e279b082b5362bd2db768de2aca901	d1506f9b33d16a9d93f8b6aa03d6b12739f1b4a2fcb7403546b53e8c03fcff26
131	external_randomized	c	optimized	23	982758	4888.960						5a8be4083bc6b1f8cd73599bcd6b45e2f5e462f589ef82f7ea12e1379361a464	438a0adaefbb27deed6c2af944f3d680d8b5783058b244dddbf6e0ac3ad93b31	32a3eb8a7e705be7a925ed34e3edfaa943216fca57c82616fe637811ebef66ce
132	external_randomized	rust	optimized	20	990058	830.846						4ea265f09725ba6d62ab0f5054bcb8500622c33f12c2bc6d03c09e1926722a8f	05e1fd28a5dc138a510fb11e830e8f6fc41b3294bce0da0b9adcf7c0463167a7	628ae6ffa36456bab36fad66b126eb944a5326cd9a2d49286ce0af1e7b730c1f
133	external_randomized	pareas	cuda	23	980575	642.303	294.583	236.970				3e5d3f50d050aab92007167addeb70db9dd34fdab5ae5ed7e06bce3bb2ccccd9	f82598663e93c0855472ab9cb1b66fa5ad08ec10593e0e6edc16335c85041e01	
134	external_randomized	cpp	optimized	36	982312	5135.689						dd37f3dac679a0f255cf4db058991532735eacd40c8ff6fa5da2c00b0553ad95	bf98679a7a0c62c8a6c03de7f63a998228ff065323365f58c3047b5bff3c1f13	eddf6878d9535ed10388c4be17c80144b0c9d235d7037ab11331442b20e8680a
135	external_randomized	cpp	optimized	33	982505	5859.098						fa511dd4c47765b4a5b4cb92cac7732ea199c004da7243f992c2637c2e1bd544	cbd138871d3e6201b3af1cb266d612fc7a6f2af7057febc93e9cace18c047937	31cdf141064994b026c768d958e74a47c2e1868687aadb038c9b93bdcac275b6
136	external_randomized	zig	optimized	32	997769	827.732						caee85b615ddb911588983c285745664e35f3cf25c33999e897a43b98359bf56	439471f51fffc3f6cabf20668530e1db8e956935e7523fd9dbca4778e89525cf	525940b113125824d48679d0e4c42322b3ea1c10366c499b6cdc6ca3819ad739
137	external_randomized	cpp	o0	39	982066	1270.314						a85c19de2cd8da88a7e6429d549720850faacbb74e82e96cd3f0b149876e76cb	5730033230e1c1d8c9f49ffd701250217c53f9a0667f5a760f853aac55bdcce1	20cace6d85957965450e4b68f033a23abd2e924adf39f854993d54cd50015d06
138	external_randomized	zig	o0	20	990195	473.439						6c94d9055d73ed88b922daa80a35d8fff1fdc79a566d7bd7527b8eed1f057047	8c7fdbf66c4feaede51e4aa23c1680abbc3606172b03d9ebcb10c4051404e593	628ae6ffa36456bab36fad66b126eb944a5326cd9a2d49286ce0af1e7b730c1f
139	external_randomized	c	o0	35	982365	1155.050						34133d52d73349404638de9608cbf9e99921d820a9d5ed03b00f61ca079d4575	0d82238ae5b30d6da8120c8fe71d701572f40ac85544b1d125e68ba63474f152	a93dbf1e95ddc4cfa84e9cd3cfa6c9e0e14affd79812abde4bca688224430a65
140	external_randomized	tcc	default	30	982639	19.105						e5ba677216f49f624211265e75eb0ef4fb04ae9a67949faedd37fe20ded41681	c8414fe9b84870fdd476fc722fc429eead123a97dfe52bccb3a8f6cb3ac31d27	31cdf141064994b026c768d958e74a47c2e1868687aadb038c9b93bdcac275b6
141	external_randomized	cpp	o0	32	978667	1164.411						2cdd3639f7305ef271727fb52003c57fa5e4754396c4f954094473c59898a399	06f7ca2f8d10375c7fe7cb943730b71977da752770244914041d3a09eb6a7c37	525940b113125824d48679d0e4c42322b3ea1c10366c499b6cdc6ca3819ad739
142	external_randomized	pareas	cuda	38	979256	648.437	284.552	264.205				486fe029b779b37623f75dc2e22e5b10baba42f1d1f832ca89b235b9b9a5d551	5d3f5772b7a0eba2aa481825d6b68f948c8309e1860a9cb73a0efb33ee351baf	
143	external_randomized	c	optimized	22	983729	4756.619						8258910253edd63568d32b2fe0637e78d3a6ee6a3ee3a1ff00f3a9d2cdd25775	abbfe8d270e6853aeb60d741fe870eea118be1e2a5e4f12066b4d7a8032b9a15	f6defc7258ffd52081d707a279568148de25a3d8aa54c3bfaff275e66eb188f5
144	external_randomized	c	o0	39	982066	1041.618						7607ab1c2c51228d9b050a992302f02bbca06c9c385715141196fe84b4a75304	a7bad929873a2239fcefcf9cfe047d5c3e19521b0d62d13cfbe0c15558a0eb4d	20cace6d85957965450e4b68f033a23abd2e924adf39f854993d54cd50015d06
145	external_randomized	rust	optimized	30	1003792	894.158						56d1ce563a45d1dc19d0b17bc7860066398178110bb15f1faae5414e4abecb5a	2abf684e11f54052167a8eb2a96723a6477ff629107c6c928bb7782aaeff76b0	31cdf141064994b026c768d958e74a47c2e1868687aadb038c9b93bdcac275b6
146	external_randomized	zig	optimized	31	1002529	822.698						e5c55c9a367158ee1583d14e2e0c11dda809fa344e690152221fe357beb794d4	536066d91619bd065dba4097e5e89ee3b98d5b60ad50ff736d1de4af3ac6e0a0	21124d883146b99d7dc9f67c936ceb4f9c9e605ea3d1c0f8c44d332a68dd3d41
147	external_randomized	zig	optimized	28	998742	898.190						2540ed187451c02be32e6d65e875a91ba0d5df64334fb6a18660ce59bf9c8f6f	3b3ba51205c9f99fc86b6a0d6eac196b1e812e820e9d0050dca55797c7652910	181210f8f9c779c26da1d9b2075bde0127302ee0e3fca38c9a83f5b1dd8e5d3b
148	external_randomized	pareas	cuda	32	976684	571.292	288.251	189.122				2e1e511ea058222e41a4c588795cc4747e097decbe8173a23f8e66d9ca86039d	59905d255cd5685ca9c70e6e7f4775fe975f6e4965240dd97a5b964ee6460629	
149	external_randomized	zig	o0	39	1001969	481.729						e919e8556d18ff4a94de16b2f285ea15a0bebde045d5f8a466dfc9a121993ed2	8d8b9855d87c3b5241db4469fb87586b9cc54deef99bdfed481e49880a4aab46	20cace6d85957965450e4b68f033a23abd2e924adf39f854993d54cd50015d06
150	external_randomized	zig	optimized	22	1003564	844.314						01d8068044b529d8fe3b6b75a5478bb79dd180b6e99123405e9b7e6360d6223a	02864faa1eca3761708fa118f2aeb48746650f4f59597dd42a2c37e74a42aa62	f6defc7258ffd52081d707a279568148de25a3d8aa54c3bfaff275e66eb188f5
151	external_randomized	c	optimized	32	978667	5001.942						23ac68036bda984dba05e5e5eeb1a085554e09c118df45aba011f99a880febf2	234ad4572ca6299d588177dff47044fa7839bda01a3de7cdd76794ef0433dc8d	525940b113125824d48679d0e4c42322b3ea1c10366c499b6cdc6ca3819ad739
152	external_randomized	tcc	default	25	981518	17.666						8242727c5af5dee4dc7bcf27b2ab9838c1f736beb9b7224a9ff575900391a1aa	5c3c7969cfea6ce9012f2c35de538f6c6dfab71048fec80165a3de63a5bb403a	7231b4356461444276804b82875365393249b8de04af57ebb55eda875c0cff1c
153	external_randomized	rust	optimized	35	1001194	894.669						e5b795bdf46cb4716ff0694bbaa6f0bd1c7b598fbbae80632006f2c0e60e600f	5cc9045935eb6616ad71a0f3668cbb3cc12631e66689309b5a8c4abb67cd99df	a93dbf1e95ddc4cfa84e9cd3cfa6c9e0e14affd79812abde4bca688224430a65
154	external_randomized	rust	optimized	24	998646	961.452						b31011a2a1d3c34341147186d245c4339dd088caf046f24fad996eb891f9068d	87722d8039a21880adbce3703b3bf9e313fa58671428bdfc7d44cb87b1d98471	17ac5a5ce9bb8f29cf9b3e1db92ad2429665f272d62f2edc8d905da27744c34d
155	external_randomized	c	o0	31	983065	1195.898						b334d826d039c558d67cba55f8a2bac571d19943a2217b325e42f47b85141ebe	e96084a93f95fec7dd94999d416d657c27e2a89c8ada4de416cdd714a2d1be0b	21124d883146b99d7dc9f67c936ceb4f9c9e605ea3d1c0f8c44d332a68dd3d41
156	external_randomized	tcc	default	32	978667	14.123						23ac68036bda984dba05e5e5eeb1a085554e09c118df45aba011f99a880febf2	8f4aeaa86171a65c009d5e455b9d6cfab00f8752750d82dfef92273eba3c2f88	525940b113125824d48679d0e4c42322b3ea1c10366c499b6cdc6ca3819ad739
157	external_randomized	tcc	default	31	983065	19.155						b334d826d039c558d67cba55f8a2bac571d19943a2217b325e42f47b85141ebe	000a001429b14df2edf17140b2ffd9d6b2afb4df01115b22c70d11de606b4c7a	21124d883146b99d7dc9f67c936ceb4f9c9e605ea3d1c0f8c44d332a68dd3d41
158	external_randomized	cpp	o0	30	982639	1221.839						51222a6cc615941ee75aa0f15a4a2d02aa31516f8ebefd2467b494ef833f10d7	14126580f9f765fd96f982a47afec389e9f792af5be2f351c516c945c73dce14	31cdf141064994b026c768d958e74a47c2e1868687aadb038c9b93bdcac275b6
159	external_randomized	pareas	cuda	39	980002	575.390	278.440	181.312				b7ef894e4fad24bdcf79800933a128fc6d1bdfe777cf7a7e97c56cc2d9fdde6c	605f3cd4da8f49224534b98239ef0b19c0bbf4f1fabd99540e53bb2014c65066	
160	external_randomized	cpp	optimized	39	982066	4903.085						a85c19de2cd8da88a7e6429d549720850faacbb74e82e96cd3f0b149876e76cb	491b0d8eac311de8914c3177a8917ed46772385f5f4a5bf36ee2390fe2cb03fb	20cace6d85957965450e4b68f033a23abd2e924adf39f854993d54cd50015d06
161	external_randomized	tcc	default	21	981771	17.778						bf67897ed572da0b9bfa9245c7176f9ec4f942d359050b297b0bcbf807bb203a	9b4a70ee70bba254d9ac0bd4bb6b49a59b936075e491310fe70e1cfc2deef6d6	0bd08436e4ab534510ef6599c652b4ca37c10846be59148e2fd5e3cd0a4d78eb
162	external_randomized	tcc	default	38	981320	17.717						f8c80eb42dfd737f09623a598f7948d34dc58685adc78e18caaf12ec873586e9	6eaa3f5176bb38f839484d77d84b3d8881b821b317700b51f3b515f1ccba91e0	45f78f5469186afe46de8f0bf55d026271619c7159850d0cd3838a7021974943
163	external_randomized	pareas	cuda	34	980961	505.759	245.282	171.557				993948a07cce5d4306a1d67bc5948e70abbbad1506b6788cf7e1804d793f935d	00a75f3369dccf5b8b8d7d2e29e93d57915045a01a36822298c650b03897c739	
164	external_randomized	cpp	o0	29	982912	1181.710						79674ffd489f01290ec4421e3abd086ecb3665ba576a7d225b8a67ba4afd2de9	2b5049403db6d39c9dae5cc5c1dda41c0f570575d99f3e7264e53c0a4c8830e2	d1506f9b33d16a9d93f8b6aa03d6b12739f1b4a2fcb7403546b53e8c03fcff26
165	external_randomized	c	optimized	28	978859	4744.095						b99061df2e0e26e9d1118c37688a3a168ee7fdd271bac1a1044a85d7fb240ca7	c194df34c6a136040c36b34b5d29fafee29a412aa09a34738d658a49e1cc8fe8	181210f8f9c779c26da1d9b2075bde0127302ee0e3fca38c9a83f5b1dd8e5d3b
166	external_randomized	rust	optimized	39	1001831	922.312						616f09556879a3c971726e2fa60a3b751fa543dd240f99cb2cb9fd910c6676f7	7a84dcc2bee06cc4a17c5912a2ba8e89013f2c5cec2a0aaec99bd2b002c5de95	20cace6d85957965450e4b68f033a23abd2e924adf39f854993d54cd50015d06
167	external_randomized	c	o0	33	982505	1349.879						85edd8bcf66c5697232b9b7beacbbadf13fe3cdea53b78a4c5edd388572c0e08	28f2c2bbba6ee1c6331799324439b40f92cac0d0bbf64d8d0eb5325883a0aa51	31cdf141064994b026c768d958e74a47c2e1868687aadb038c9b93bdcac275b6
168	external_randomized	cpp	o0	37	980804	1542.709						5c9cf94f4ee5756bf090e198648b5029570166f05486ae47c1804cce047610bb	a04b9a5e0af05b6628c9a0bd79d06ff0896c48a6e55f493b67b20a4c6f2998a6	289c175d22ff2c80560fb3deb24d15dc488f8a543f5fae8d70d5d14c9f325f35
169	external_randomized	rust	o0	24	998646	1088.178						b31011a2a1d3c34341147186d245c4339dd088caf046f24fad996eb891f9068d	74f54bfbf2c90d48bd6bd87ec5ef79e95885962efb155f63d99f582e90c84d0f	17ac5a5ce9bb8f29cf9b3e1db92ad2429665f272d62f2edc8d905da27744c34d
170	external_randomized	c	optimized	20	971937	4635.298						fa753436b3a7e7ef0d910e9e47e3c950ec2e5dc293ba15423bb5d5f29d46030e	283fe6e88e82eb708c6378a2ddce33ddfce2cd67ab588e95447aa5b844e1fb21	628ae6ffa36456bab36fad66b126eb944a5326cd9a2d49286ce0af1e7b730c1f
171	external_randomized	c	optimized	34	983093	5017.949						051f0b9b3d2eda8c7e1ee8578f9e328611cf6c955dca42f95e357ee759287191	6a386f066e12528d2284da908e25eaca67520536bf3ef276b27006943200d1ce	42cde6b10815c53b09e02de234b10ba85bb835cc1ff92d27bb09a1addf5c518a
172	external_randomized	rust	optimized	27	998653	902.117						c181dd83ffea156307311c656bfff84c6d6343c85aa33f7baca354c68f0767e1	3d9465783dec0e1a27b05418821a65a50feef6201c34f75202f17f5836c9d44a	04e0e75067e564d696d0d38be18b52aca9e015c750ce94153f0f97edac76bcc9
173	external_randomized	tcc	default	24	977015	18.051						fd9ae622bc26c831c918ec238fc18ed65eed4b255a376eda86d9cd8c54ab4958	0011e215f60a458dc0c46761cb0fa47ab4d2efbeb7bd27a64615b842d244f991	17ac5a5ce9bb8f29cf9b3e1db92ad2429665f272d62f2edc8d905da27744c34d
174	external_randomized	c	o0	20	971937	1257.404						fa753436b3a7e7ef0d910e9e47e3c950ec2e5dc293ba15423bb5d5f29d46030e	94a197e5f2112c37c78c967d8d533ba450d03ee9f527c5406e82ecb5a82201fc	628ae6ffa36456bab36fad66b126eb944a5326cd9a2d49286ce0af1e7b730c1f
175	external_randomized	zig	o0	28	998742	477.799						2540ed187451c02be32e6d65e875a91ba0d5df64334fb6a18660ce59bf9c8f6f	7527d4452b678be296f5f5b6f117784f05256f090f22d5e2354be85a568e79ae	181210f8f9c779c26da1d9b2075bde0127302ee0e3fca38c9a83f5b1dd8e5d3b
176	external_randomized	pareas	cuda	31	981048	560.990	278.717	177.144				c719572c1ef735d3f8a2d0154f1621fd8f5bdf16a3da595b1e4fab34bcabe943	99f00c6b9191d53bda7495f1b0c4880010b45bb3580832132b5687162dafc53e	
177	external_randomized	rust	o0	27	998653	1282.583						c181dd83ffea156307311c656bfff84c6d6343c85aa33f7baca354c68f0767e1	b37f7efd56d39f3c14347b3a2bbe5772cb403332e1b18abc246145f96a15fb02	04e0e75067e564d696d0d38be18b52aca9e015c750ce94153f0f97edac76bcc9
178	external_randomized	zig	o0	33	1003410	504.979						8db8121c289c6c4414d24ca4b9b47b2132c032a9271e579e45f9778f2a0157e2	68b26c7285e94875e9b633aac90c48f075f226e0babcc90bbbdf97c14e2106d1	31cdf141064994b026c768d958e74a47c2e1868687aadb038c9b93bdcac275b6
179	external_randomized	pareas	cuda	21	979626	505.836	241.743	170.645				dfde69af023622b1dcd1025b8071650c816301658911bf1082e9c7a8c216e261	a3e1989382777bc5c2305197f78311f4a61b80930549fe8e13caae295c49377b	
180	external_randomized	cpp	optimized	27	980016	5443.633						b969753c75cd7284c4c05b709c540a39fa14a48214396b74211e7b834f24d722	cd47c6f5d89079acdf03588fca55ba63f7046444cc3171e39083fadf22f3f6a7	04e0e75067e564d696d0d38be18b52aca9e015c750ce94153f0f97edac76bcc9
181	external_randomized	zig	o0	22	1003564	452.956						01d8068044b529d8fe3b6b75a5478bb79dd180b6e99123405e9b7e6360d6223a	af7cf82cf8f24e7eded75ffaa7a4949c12fea5ecff9aa0d3887ccc60f69dc0e7	f6defc7258ffd52081d707a279568148de25a3d8aa54c3bfaff275e66eb188f5
182	external_randomized	zig	optimized	30	1003951	856.450						a456eb84b10e0d0b96e41ada4a9f1980fccabb81e8be445b50604f5051faafd3	e5c1858f26457127707397f69bc8b7eec18e498a7a0954d5c73750b4403f05db	31cdf141064994b026c768d958e74a47c2e1868687aadb038c9b93bdcac275b6
183	external_randomized	cpp	o0	31	983065	1650.630						e65031dd8ce00be5cb1bf638e28ae3285a08b27a54c31c46fce9ee7e155d3882	d1b8ac6672c3c9c5713acff07b991a2cd9b4bd9aec2fe04de5c627903626c7bb	21124d883146b99d7dc9f67c936ceb4f9c9e605ea3d1c0f8c44d332a68dd3d41
184	external_randomized	zig	o0	27	998784	527.484						affbd6dd94a68fd14a0aff568fccdb4695bb613d7e005ff887d75b0936bcbce1	bf714bed1746c9a76275af9f8d3cf4819a3bdba4e1b24545a6187ec48cad2da1	04e0e75067e564d696d0d38be18b52aca9e015c750ce94153f0f97edac76bcc9
185	external_randomized	zig	optimized	37	1000554	864.982						4a13b2e59e12748c2b12da53b91148d925451b97c57733939992672c3400cf6a	8016539967e319d1d5bbc06d14625032d153cf44fc84c688f4192852406f234a	289c175d22ff2c80560fb3deb24d15dc488f8a543f5fae8d70d5d14c9f325f35
186	external_randomized	zig	o0	32	997769	501.581						caee85b615ddb911588983c285745664e35f3cf25c33999e897a43b98359bf56	87c5d30d2d270af29b001e7eb8b02f6ca656b0bee694ea81af79876675aa6dd1	525940b113125824d48679d0e4c42322b3ea1c10366c499b6cdc6ca3819ad739
187	external_randomized	cpp	o0	35	982365	1495.788						744784ecdd94c18c8c41fc1f0a0a0f0a82520c14be59565b3583037b5a1e24a3	5693cb67b80f83aba403d038c9ffb119be192e8e982265084ea48f2bce354e32	a93dbf1e95ddc4cfa84e9cd3cfa6c9e0e14affd79812abde4bca688224430a65
188	external_randomized	zig	optimized	33	1003410	910.999						8db8121c289c6c4414d24ca4b9b47b2132c032a9271e579e45f9778f2a0157e2	e5c1858f26457127707397f69bc8b7eec18e498a7a0954d5c73750b4403f05db	31cdf141064994b026c768d958e74a47c2e1868687aadb038c9b93bdcac275b6
189	external_randomized	zig	o0	37	1000554	514.072						4a13b2e59e12748c2b12da53b91148d925451b97c57733939992672c3400cf6a	92ec62bf6cf8e6dcd697b92c693b77b298291aee00a7c53b014c6d5ae44f89ce	289c175d22ff2c80560fb3deb24d15dc488f8a543f5fae8d70d5d14c9f325f35
190	external_randomized	rust	o0	35	1001194	1235.759						e5b795bdf46cb4716ff0694bbaa6f0bd1c7b598fbbae80632006f2c0e60e600f	684865f15d4d2297d902372c4f43bf214083ffd067fe9c50b0dc3a33a6d61ca3	a93dbf1e95ddc4cfa84e9cd3cfa6c9e0e14affd79812abde4bca688224430a65
191	external_randomized	rust	o0	26	1002729	1276.155						60887171cf56e9dcc7964e471135e5c1baca57b537c47056c1d99d2fe72ce391	69d77d45e2f99f6764d3de369ceeb65298ceea04497bae6a3a7fafe84b229614	0a32604aacb3f75b6594bc0f1b119601274853501b445d2400201a09d60d86cd
192	external_randomized	c	o0	36	982312	1251.325						b34436a1190933efcd65fb437c1626f8f6660533c4fd50b6c04ba2f09caa6edc	0812b0b27b0ccaba1cececd23f28891822c7eb9b1a84a17930c58fc57e9a226d	eddf6878d9535ed10388c4be17c80144b0c9d235d7037ab11331442b20e8680a
193	external_randomized	cpp	optimized	20	971937	4822.467						9f94bfd8d5b9fa4b7458a0006f6b21fd3a5aedc4cd4160b8bd2da8f2d0235f25	38dcf2d6edb9e94edbd5204db74c00da74faf6e6d13eb0a770addc5566fc6171	628ae6ffa36456bab36fad66b126eb944a5326cd9a2d49286ce0af1e7b730c1f
194	external_randomized	cpp	optimized	28	978859	4835.840						58ef12aa1da7fdb6cb9aeb79200c3d8fb48780b56ecc96a81cd02eae8a65c774	e636f81237dfb31ac029c58ba4024128fa68899a181053ebc12cccd4c02b42fc	181210f8f9c779c26da1d9b2075bde0127302ee0e3fca38c9a83f5b1dd8e5d3b
195	external_randomized	rust	optimized	26	1002729	853.647						60887171cf56e9dcc7964e471135e5c1baca57b537c47056c1d99d2fe72ce391	24904ba7e62081855c4efccffbcef9ea0a3d708917e94420da0e47c7bd87eb7b	0a32604aacb3f75b6594bc0f1b119601274853501b445d2400201a09d60d86cd
196	external_randomized	rust	o0	25	1002129	1139.933						7a65f3268580d2043a363a6da7f256311b2e0b523d39ca25ba6cc4002e86764e	04ed3188c5b2a366fa25e2244002fbd0541569d19cf00fb209ba5075f7af9fc3	7231b4356461444276804b82875365393249b8de04af57ebb55eda875c0cff1c
197	external_randomized	rust	optimized	23	1003685	975.777						06316a391c5a4c6da47cc1b2d57e760cedb628bddf606defb369c038ce3f56a4	ede8ca6887d0415ae215672daaf7a6b98ca31797a870289ebe2ee355f81f138c	32a3eb8a7e705be7a925ed34e3edfaa943216fca57c82616fe637811ebef66ce
198	external_randomized	zig	optimized	26	1002855	797.928						1593ca88e9d260473094b9ae0410bcf274a05f5b1c4a53d5f765c0f95c0f6afd	31a89ecc9c8097faca6c5a73257a32d6c0bce4909c91ad82cd7b8e926e77460a	0a32604aacb3f75b6594bc0f1b119601274853501b445d2400201a09d60d86cd
199	external_randomized	cpp	optimized	35	982365	5407.315						744784ecdd94c18c8c41fc1f0a0a0f0a82520c14be59565b3583037b5a1e24a3	14ac082dfd16b91359356a620fc19c615c873bd9a922bef0dc06181fd0054acd	a93dbf1e95ddc4cfa84e9cd3cfa6c9e0e14affd79812abde4bca688224430a65
200	lanius_hot_daemon_variable_project	lanius	hot_daemon_variable_project	39	1000000	55.745	52.418		2.119	52.418	0.990	5df51810c32b774a5c2c2d1f80da33efc0587fc62b307efe48f99713caa04545	ba97635bace9a4a78794982a796fda6fd6832f8a007f8f71c7289e43dfa2f110	20cace6d85957965450e4b68f033a23abd2e924adf39f854993d54cd50015d06
201	lanius_hot_daemon_variable_project	lanius	hot_daemon_variable_project	37	1000000	55.324	51.623		2.135	51.623	1.262	b8deac8505051c09b07f1e05afe5bd17ada138d0e571e5250d6186307437e13b	2d58cdf27a5ccae0adb8ce61779d770e3811f6000284f8c9a21dc500c1a61fbc	289c175d22ff2c80560fb3deb24d15dc488f8a543f5fae8d70d5d14c9f325f35
202	lanius_hot_daemon_variable_project	lanius	hot_daemon_variable_project	24	1000000	55.378	51.949		2.176	51.949	1.037	891290ce401c2c38702cd93a8e8b80279ccebca21b47acb812382da64b4fb71e	e903fd3308d82499a2e15125034cb8c7823d001fa27da1b6320e5866d6c0f916	17ac5a5ce9bb8f29cf9b3e1db92ad2429665f272d62f2edc8d905da27744c34d
203	lanius_hot_daemon_variable_project	lanius	hot_daemon_variable_project	33	1000000	56.555	53.010		2.225	53.010	1.058	fdb1ddb33428249bd9a4c2fa0e98eb7a51c6607f7f049c36c1f2d4320cd69809	95b0baabc371cf55dbe571fc81d5d1f24c3b10bd3a300eaaf96f9fc3645c306e	31cdf141064994b026c768d958e74a47c2e1868687aadb038c9b93bdcac275b6
204	lanius_hot_daemon_variable_project	lanius	hot_daemon_variable_project	31	1000000	56.953	53.266		2.188	53.266	1.242	8c57ddb3adb7f0ad4fafd13dcd6329c05d7d19393a5e335e9adcbe6ee0d90980	95becd3b2df509d61f6d5335bd2333ac7ab51dee506c8c343c16e24e1114b79b	21124d883146b99d7dc9f67c936ceb4f9c9e605ea3d1c0f8c44d332a68dd3d41
205	lanius_hot_daemon_variable_project	lanius	hot_daemon_variable_project	29	1000000	57.959	53.943		2.148	53.943	1.598	d280aa4d3cb74ffe953a67aee8e0a5b5fd1db9decda64ed14275aad9b7a0033e	65774680e07179e4da3743636af1581e5461b2c3f3e58cc703c24830f5ffb6af	d1506f9b33d16a9d93f8b6aa03d6b12739f1b4a2fcb7403546b53e8c03fcff26
206	lanius_hot_daemon_variable_project	lanius	hot_daemon_variable_project	36	1000000	54.804	51.250		2.133	51.250	1.191	af28f98bfe6be946e7ea8950ab2760b8a5df24df74d17883c007371fc8e83e35	b74246cdcefd414077ab156df96102ae26cea121d1b185b7620133f3ed7fc01b	eddf6878d9535ed10388c4be17c80144b0c9d235d7037ab11331442b20e8680a
207	lanius_hot_daemon_variable_project	lanius	hot_daemon_variable_project	34	1000000	54.274	50.681		2.160	50.681	1.214	c56aa922b56d323fa6bfb082113ceaf278dcbfb116bd85402041907a2bbd5a9b	83175064fd2bf53a653318d1f079d15868b70df8bba70147fc3bfa912da7592b	42cde6b10815c53b09e02de234b10ba85bb835cc1ff92d27bb09a1addf5c518a
208	lanius_hot_daemon_variable_project	lanius	hot_daemon_variable_project	35	1000000	54.240	50.648		2.158	50.648	1.260	9dcdecc24928d7973a53e4e11209801cb8276760baf0ce2458527719ec29cac8	93d8eb8696952f6915505b8a4999537089feded069e7658ded3c4199924c41f5	a93dbf1e95ddc4cfa84e9cd3cfa6c9e0e14affd79812abde4bca688224430a65
209	lanius_hot_daemon_variable_project	lanius	hot_daemon_variable_project	21	1000000	59.970	54.930		2.259	54.930	2.517	ed5f62a438e357541301e501b2fb0990258d224c72b022ae1dc80a66837ddac4	94d95552898b46624bcddd074365fefd90844dc8f316918d5422c94f6b6f1d5c	0bd08436e4ab534510ef6599c652b4ca37c10846be59148e2fd5e3cd0a4d78eb
210	lanius_hot_daemon_variable_project	lanius	hot_daemon_variable_project	30	1000000	54.914	51.548		2.151	51.548	1.000	0a362364644f21aa149e9186615cd5c02d72a1e532a2fe4b73ae0f4cbcc6e8d8	e660da75ee15cceef7e50bf4af93e69eb0b3720b7a2df0deee6fd4232a2516dc	31cdf141064994b026c768d958e74a47c2e1868687aadb038c9b93bdcac275b6
211	lanius_hot_daemon_variable_project	lanius	hot_daemon_variable_project	22	1000000	60.361	53.968		4.999	53.968	1.173	1d2e7656e82c78fa6df08755ff283488c7dd18855739caf043ed2ecb7cf6bb48	984a38be1fa19c474beee0277ce95f5a46eaddcbe47c0ce22419d3f6fd90eb1f	f6defc7258ffd52081d707a279568148de25a3d8aa54c3bfaff275e66eb188f5
212	lanius_hot_daemon_variable_project	lanius	hot_daemon_variable_project	23	1000000	59.422	52.429		4.993	52.429	1.760	de6a2435131fa0175b85ee33826fca10e06b69adb9263b8526f3cc5c81ceaf30	9f7844987c80ccbcc62f02c01984da2600d7ff8a59e063ef61ba7ef353ed7c97	32a3eb8a7e705be7a925ed34e3edfaa943216fca57c82616fe637811ebef66ce
213	lanius_hot_daemon_variable_project	lanius	hot_daemon_variable_project	20	1000000	60.216	53.347		4.705	53.347	1.933	1a7ec79e353e12cc08a3de7937ac6f177ac8ed920272dcbbcda01e258ead4a77	b025d41a83e7f693e56a6ec71601eabb8a8ec6e427a2d94316535d3e476f32a1	628ae6ffa36456bab36fad66b126eb944a5326cd9a2d49286ce0af1e7b730c1f
214	lanius_hot_daemon_variable_project	lanius	hot_daemon_variable_project	25	1000000	55.071	51.130		2.162	51.130	1.538	b4bcc5e8d021b68656fa67f7cff81e3af6902cf46e028cb9388aeaf71f9f5b04	7fb52917309f234c571b3406e8ec445b4804025325512f22c86d16bfb5c26090	7231b4356461444276804b82875365393249b8de04af57ebb55eda875c0cff1c
215	lanius_hot_daemon_variable_project	lanius	hot_daemon_variable_project	27	1000000	53.759	50.423		2.129	50.423	0.990	99e603e639fd6008a0c4109f9ac590147c1e0142617dcd52e556ae6dbff0b44c	fa368c0f31211a7689c41ed806a95cc60cade36e31c52e707f3f92f35cef1c92	04e0e75067e564d696d0d38be18b52aca9e015c750ce94153f0f97edac76bcc9
216	lanius_hot_daemon_variable_project	lanius	hot_daemon_variable_project	28	1000000	53.079	49.762		2.132	49.762	0.999	b88b07258308434bf0cce2e7a44140c17ba4b6731bcb8a459da3514a85695200	324c325bcbdf1e50ee5cf16aa7d95d0913afd9f3789345d7d0b548d537a031d5	181210f8f9c779c26da1d9b2075bde0127302ee0e3fca38c9a83f5b1dd8e5d3b
217	lanius_hot_daemon_variable_project	lanius	hot_daemon_variable_project	26	1000000	62.615	59.160		2.221	59.160	0.999	40b4935db5e3556756e027b31c6f1950fb0dc9e970c0809cf7b8f4299c8cadcc	d976e6f273cd97f3b1719077b7685203d3811e462ca72596c5661c1c2ea580ff	0a32604aacb3f75b6594bc0f1b119601274853501b445d2400201a09d60d86cd
218	lanius_hot_daemon_variable_project	lanius	hot_daemon_variable_project	32	1000000	58.334	54.944		2.155	54.944	0.994	de58513961fe87c79245fb3a40feb6803a30a815f574d6b7c71710ea5db61364	40f469a03d1b1acd961b70ec3a25b46e2c017118d353106a81a59fc3be4dba81	525940b113125824d48679d0e4c42322b3ea1c10366c499b6cdc6ca3819ad739
219	lanius_hot_daemon_variable_project	lanius	hot_daemon_variable_project	38	1000000	53.972	50.443		2.172	50.443	1.146	4a963149bb075b5f6e14c1ecd4e0c70eda098c56ddda83d3a8592f9616543fb1	ba165f1b6a3c041223f920190ef73d96f04135b034d092bfb43697ddb7eb6dd7	45f78f5469186afe46de8f0bf55d026271619c7159850d0cd3838a7021974943
