order	phase	language	lane	seed	source_bytes	wall_ms	daemon_load_ms	daemon_compile_ms	daemon_write_ms	source_sha256	output_sha256	stdout_sha256
0	cpu_randomized	c	optimized	21	982156	5994.435				599dc2a706bc12d144c42e1ad9c551eec13e95b49881a926a668e0a9e0c4e5c1	f0b888f00031837f6b53f64f1432a8851b6801e7e4b2fc158b8827b92feb1a88	4b8503f5cc3c887e174d8f87c11cbeaddf1d5c328173e46157233b97a91aae42
1	cpu_randomized	rust	o0	32	997567	1825.495				338366577de6ef6860a5bbdf657e51e5086a46d106b6b140fbd291e0caa6a233	5c2494269c40f10448c7a26862561af9c94018f4d7aa626666734db5292c98b4	525940b113125824d48679d0e4c42322b3ea1c10366c499b6cdc6ca3819ad739
2	cpu_randomized	c	o0	22	983003	1271.295				1f98ea99c193a5a172d7e7f7eca612ce36c3e8ab17b0c98462f9284a9e8f61be	687a6891deec838b9e2a32faf32dd2713204b2f7b114c0e1dfd318920c14663a	cb25726f1026acf87f2389188e9c5916403c489260944d537b814f812325f3f9
3	cpu_randomized	c	optimized	34	982434	5365.503				6b6b0fb8ed85328962024b8c9185ce632e07eea6f515f702d35e469bea855432	586effc52cbc146159e427f42b7a5255f89bcc1a4ed00878b140c8cb7d217f3d	3840f7c45ddb32c37fa0e586d9ff9bfb4912684c08f3b5e8486e65337597eeca
4	cpu_randomized	cpp	o0	23	981579	1307.830				438541dd11eb63496ea4c5f6fcb667b6fd2028b15b153aafdad388bd4c312a43	0fac849f834ca615042b863124412c5722b2051bd244d4d5e0ec411ce5c5647d	a35a5e69d88d7a6780c200af2a370834cf58149be217857a7c783ebb1e1ea8b6
5	cpu_randomized	cpp	o0	36	981416	1347.467				828cffd8601f6c26fb98937c5555e58fd084970d3c0f08b3b247fe936ea0726c	b55f852e5479cdb88277b46354242771ec933106f7e7a022dc4caafdd5a4758a	c52f2536a9e8462dc8d533cf99662098c86d035cd6e9fd58579e0c101c2e0aa5
6	cpu_randomized	rust	optimized	24	998555	1473.516				3383afb57c9f0bd7dcc1d8d6990771cdd7eae956d2283e80f4189a48eb5be656	87722d8039a21880adbce3703b3bf9e313fa58671428bdfc7d44cb87b1d98471	17ac5a5ce9bb8f29cf9b3e1db92ad2429665f272d62f2edc8d905da27744c34d
7	cpu_randomized	rust	o0	25	1002044	1776.718				aa99998fb2941ebf713cdf59a44df98f2e2838a1143d0ba41965e19c202aabbd	52362629f50ad2572a9cf2c41caf06bd771b7b48d626f5794ec7d27e14a09739	7231b4356461444276804b82875365393249b8de04af57ebb55eda875c0cff1c
8	cpu_randomized	rust	optimized	23	1004294	1470.869				511c96f076178b17746a0065a8f9030dc8e9158e53c50cbf2cee62a2f1e1851c	6a8b04a0e6134dad367e142d832608d6994d1bf71b9c54595ed1e666e3c77121	a35a5e69d88d7a6780c200af2a370834cf58149be217857a7c783ebb1e1ea8b6
9	cpu_randomized	c	o0	21	982156	1137.558				599dc2a706bc12d144c42e1ad9c551eec13e95b49881a926a668e0a9e0c4e5c1	43053d20289a5c19088ee61deb2574bb09ad152d7777bc2cc1668ccb1065b68e	4b8503f5cc3c887e174d8f87c11cbeaddf1d5c328173e46157233b97a91aae42
10	cpu_randomized	c	optimized	36	981424	5516.248				6ab1b317b1995f54ccfbfbe438b600c1d2f4531724a3fe01e4cb23d3ef52de8a	7b416dd105d39582412b900960e48f86a65de814f727644d651b0b12bf494413	c52f2536a9e8462dc8d533cf99662098c86d035cd6e9fd58579e0c101c2e0aa5
11	cpu_randomized	rust	optimized	21	1004504	1523.139				3d7ea8a43c10e9fb22b548c60433049d350d8d1560435a214a441455111213c5	0c99a7652a0660a2f937f1726f253d8dc10133e98ce1e71ceb037a48c8677b67	4b8503f5cc3c887e174d8f87c11cbeaddf1d5c328173e46157233b97a91aae42
12	cpu_randomized	rust	o0	26	1003978	1802.356				3767e1b3dc519d51eea95bf8f3123c923cabd623ccabbba14f51fa0b84c8ed05	7c82d6cd6f2520a1afd3244e61fae9ada2744ec03d16901534068cea00ca5bb1	207db6cbeab7cf4aa8ddfbcec34f4df58186e3354cbe7822756864df81e7dc6f
13	cpu_randomized	rust	o0	38	1004308	1787.702				17545b7dde457cf91a457c244ec1e3909a60623f707e87eb5613288f24f7826c	2a0d5291a6fa92da02e3e1b3a98351b1dc0cca0946dddf62d95b77ab29931d5a	db230531d1c298300b8ba551d9e5db5b8fe63ea1c2ab453a9b851fcd7c9fefc3
14	cpu_randomized	zig	o0	38	1004451	849.825				3d0357d4b8d1d4c96b83d9a65e7031e0b5fc99d501bc68f5126cf53e8fd3f720	1067d304016118dfab76bdd702552aa6ad432df294efbc41f18bc085dde6e8ab	db230531d1c298300b8ba551d9e5db5b8fe63ea1c2ab453a9b851fcd7c9fefc3
15	cpu_randomized	c	o0	23	981587	1241.173				72399c431fdd72fe1e3bb92a802fb16a81985a7ecda1fcb3edb728891df0b6ad	b549ea87dafb37a14ffaa522efcbcfdc82de4de48991910171cf702d54fb30b8	a35a5e69d88d7a6780c200af2a370834cf58149be217857a7c783ebb1e1ea8b6
16	cpu_randomized	cpp	o0	27	978372	1261.250				63e3846f3762e9f5aed825c031722227ed188c450dc19f9cda9d48fd28847ba0	492e5d7aef883090bd0c79807594f9fab6a5c902452788568d26079fdc7cc1df	04e0e75067e564d696d0d38be18b52aca9e015c750ce94153f0f97edac76bcc9
17	cpu_randomized	zig	optimized	22	1004553	1213.896				c3b012d47f56c50750d52b4898c7b1aaa07816d1637b72f802623d5dfb5395e3	b57d42e8a7230f478f5c807c9648761e9cd80d626d72a20da2e234296d55f480	cb25726f1026acf87f2389188e9c5916403c489260944d537b814f812325f3f9
18	cpu_randomized	zig	optimized	33	1004012	927.269				47beb066f95923b1643653868a64c878743be9e483f3e15abfed624bd5afe665	353791f732c4186dc2cbff27df2270524836f9fa5e82c4438332699a7d45fe31	cf9566ee3f015d1a08ee2b968d6fdb84537390072846a803f0b60d81b30b5ab4
19	cpu_randomized	rust	optimized	34	1004617	1472.723				d5278a88275f24744934eed8b40341a6a46f4c05f5b823fbf0f35b5ca7e59fd9	cf2087dcf07fea4d331a58d5b8b75840c5cccaebc3f513d5915ea1e88efcdb1b	3840f7c45ddb32c37fa0e586d9ff9bfb4912684c08f3b5e8486e65337597eeca
20	cpu_randomized	cpp	o0	26	984551	1372.700				95a982c6dbead904b0b6129b7ecfc1aaeabc8e2619e503e92158262942764c9f	52330b41a3ae5433bf3520591198a65915d4b2dc917afc58662887c7700f24df	207db6cbeab7cf4aa8ddfbcec34f4df58186e3354cbe7822756864df81e7dc6f
21	cpu_randomized	cpp	o0	22	982995	1304.266				e681b8cba12818f1cfeb2972c35401fc9eb97e7945e817049cba8ee4fe53726c	f61816c5d6960e1ba6c311ae75685dc3b17677b0897ddc494b348fbcdec3267e	cb25726f1026acf87f2389188e9c5916403c489260944d537b814f812325f3f9
22	cpu_randomized	zig	optimized	20	1004017	861.229				893b9419351c79cf48700450f5e1dc1e48e6bd33dde21de57ebbb5c6ed45de02	4fb832590e09d612b1afd86ed060457a6c790d258dccf4afa4b641ee83c1c9e4	7884a944a65f94cef35ac0813b3f4dbb2c59b017df71ea92162bff3b636ea4f2
23	cpu_randomized	zig	o0	31	1002460	527.501				02a691dba33df93dceaab5aa4bbe2b20ec0f1d654fe96a2d22eed5fd0199d969	08090b405122b40b8eceba4012229028fa607a15d1f70bdff6587d7880d0d5bd	21124d883146b99d7dc9f67c936ceb4f9c9e605ea3d1c0f8c44d332a68dd3d41
24	cpu_randomized	rust	optimized	28	998520	1470.021				5089d208e58473db033b42a1afcbc09faef5144b88355099b368ca792716d45d	f7b2df8b19abbaf6c6d0da65879554340e59344a2c7417ef5ae65a31e19d5be8	181210f8f9c779c26da1d9b2075bde0127302ee0e3fca38c9a83f5b1dd8e5d3b
25	cpu_randomized	rust	optimized	36	1003995	1430.171				a6df909c7150c12fc7346f02798d7c03040e2f5f3e1055efca57783a0054b76b	edeb0e7d4fb69215774cd51a19c65771825a63821a75cfbd321256f86706040d	c52f2536a9e8462dc8d533cf99662098c86d035cd6e9fd58579e0c101c2e0aa5
26	cpu_randomized	cpp	optimized	29	981106	5520.389				b0eb9eeb5211db6aabaca522aca036c23b24beefaeec0cddeb650d0b46149e79	050cea011b92f964f8672a49faf2ea3d6cd5e3b9b85b7cfd3179a6dc6eaa71be	d1506f9b33d16a9d93f8b6aa03d6b12739f1b4a2fcb7403546b53e8c03fcff26
27	cpu_randomized	zig	optimized	24	998718	882.206				da889aaa20bb0db29e0fe95e65768fee5d6c48835aa94cadbc0d24ef392dcab8	fba2fbcd062427ef808cf22f69932cfbaa79b0a99be9f2a4b2a234e86705cf61	17ac5a5ce9bb8f29cf9b3e1db92ad2429665f272d62f2edc8d905da27744c34d
28	cpu_randomized	cpp	optimized	36	981416	5639.673				828cffd8601f6c26fb98937c5555e58fd084970d3c0f08b3b247fe936ea0726c	9ff83c1e86908420b6616b0c207262f026c5bf675a1f952f28fcf2c67d093426	c52f2536a9e8462dc8d533cf99662098c86d035cd6e9fd58579e0c101c2e0aa5
29	cpu_randomized	rust	optimized	25	1002044	1593.384				aa99998fb2941ebf713cdf59a44df98f2e2838a1143d0ba41965e19c202aabbd	29d494c62479b96d4be560fe20983e26eaf7119ae98cef3072b2a18e360c41c9	7231b4356461444276804b82875365393249b8de04af57ebb55eda875c0cff1c
30	cpu_randomized	zig	optimized	30	1003864	990.076				6016266ea23357d5ee4f262af289fbf259b3d1f9c1b0bea3416de7e713629d05	e5c1858f26457127707397f69bc8b7eec18e498a7a0954d5c73750b4403f05db	31cdf141064994b026c768d958e74a47c2e1868687aadb038c9b93bdcac275b6
31	cpu_randomized	cpp	o0	25	979697	1338.954				ab5e07a53b909d254c10e1764747242e33ff44e5dd9d5b7b7a272ff8c5a7521e	9d2f0f91a838e00037e0931fc868a48713d194f51edb8a5bf3e60701bfdcc263	7231b4356461444276804b82875365393249b8de04af57ebb55eda875c0cff1c
32	cpu_randomized	cpp	o0	21	982148	1550.735				0b92472a3a081e7837e9facd461c92a6192830957b0219fe787f0b76979302ee	586dfa6cfd8684c3dd39588654655a4ff216a32a560e6df14f191ebe4f2b5534	4b8503f5cc3c887e174d8f87c11cbeaddf1d5c328173e46157233b97a91aae42
33	cpu_randomized	c	optimized	33	981336	5620.945				aa842febbfe7d857bf9f0aeee4b38bb6cddc5252f9290632b022ae2d3c6c31af	d4684e5f3d933227c858a4cd901cf1eee14634842bb322725eb07ae38b36e35a	cf9566ee3f015d1a08ee2b968d6fdb84537390072846a803f0b60d81b30b5ab4
34	cpu_randomized	c	optimized	24	975112	5467.871				ab851950b3934d8216f208e8d4663a99dd855b374999530b0fbe67f1e27b2e50	35cd19a4025385df8f8798640d5177e4bb74899999587210daac21d87f612b1e	17ac5a5ce9bb8f29cf9b3e1db92ad2429665f272d62f2edc8d905da27744c34d
35	cpu_randomized	zig	optimized	29	1003388	934.829				99f476a7d63e18474c066b4fa418767643732e38627fbc1bd29d46d167b8a026	4802933a01f6ef4e09b2f449a2729239623ecfb6dd0146a4e9e13995a6c9b4a2	d1506f9b33d16a9d93f8b6aa03d6b12739f1b4a2fcb7403546b53e8c03fcff26
36	cpu_randomized	cpp	o0	33	981328	1471.797				80de938ebb8225449376c1736e46e15a5fad1dcb7885e34102b850d6bc0e5539	01154fdf671d9c1951013edb5e047b64e03861f7f95d1853047895cbe714c6b7	cf9566ee3f015d1a08ee2b968d6fdb84537390072846a803f0b60d81b30b5ab4
37	cpu_randomized	c	o0	31	981357	1198.218				3bccdd9d041c36aa8d398534734de612750ab3a302ebcec6d9ae8903abb42a22	961f87ae2f0a7691375e5432d140eead146284ab02faedffb84510f7c0bd0ef4	21124d883146b99d7dc9f67c936ceb4f9c9e605ea3d1c0f8c44d332a68dd3d41
38	cpu_randomized	zig	o0	37	1000491	530.316				c7140281cb9b41b2cdb57ececd60194c5f1f8b1ec50cf1fc6df34a0c63bf7870	0ed4fc93aa14942ed79c86e5e81f5ec2df8ad31b65c14750d9ac11f967690788	289c175d22ff2c80560fb3deb24d15dc488f8a543f5fae8d70d5d14c9f325f35
39	cpu_randomized	zig	o0	32	997710	505.288				dbeb946822893cd55e85ef4f45c905575e81c5fad2d3fa4d9ebcfa0d7707e03a	1ac598bf07994af1c0d47abc4ef6fa2f4e31bd5b51c23ade46a56c23f70544f4	525940b113125824d48679d0e4c42322b3ea1c10366c499b6cdc6ca3819ad739
40	cpu_randomized	c	optimized	22	983003	5385.215				1f98ea99c193a5a172d7e7f7eca612ce36c3e8ab17b0c98462f9284a9e8f61be	953258892cc228d0b09fbfec8f86dcc2ef525891e28d2367d2c09aaee52738f6	cb25726f1026acf87f2389188e9c5916403c489260944d537b814f812325f3f9
41	cpu_randomized	cpp	optimized	30	980761	5604.930				c220b8307a7a09f586af1212d962e7bafab045f5e8f8e51a13440dd5deae1da0	7541ed5501b36281c32aab01ab77c5b5d7b19f4f2295741302a02e02e305c08d	31cdf141064994b026c768d958e74a47c2e1868687aadb038c9b93bdcac275b6
42	cpu_randomized	zig	o0	26	1004118	526.193				095f618b8304a734efb0107697ed5c581e7eef31f2cccbd23b851c16ba9fffaf	a21810a8e66d1a942111c2c13add832b923b3d4de82ef81bb43e54a173e3c960	207db6cbeab7cf4aa8ddfbcec34f4df58186e3354cbe7822756864df81e7dc6f
43	cpu_randomized	zig	optimized	35	1001266	919.707				5556e62f39b9cab1d7368485e0531ee6ad11e47190df84aac85610ae72a9a261	c3e4b22b97eb400d41513930e5be9c5aa97e41b0562e505b9da668a5af6e93f1	a93dbf1e95ddc4cfa84e9cd3cfa6c9e0e14affd79812abde4bca688224430a65
44	cpu_randomized	c	optimized	32	977001	5783.816				a08ce7f85fa31fa1ccf485593a07be6da94820255de77a100233e6c824863cff	3682b41fcb2b02c4c98684832ee96cb4f4e5db509f8f48e98c8e412de2df888a	525940b113125824d48679d0e4c42322b3ea1c10366c499b6cdc6ca3819ad739
45	cpu_randomized	c	o0	25	979705	1291.652				5b10f04b6a4df39090ce659941faf75abc6734f09da61450c04f90376e5cd599	9c6d73eee3756ce53e3706f5e3f6307700fbc9e96921bf27854c7021c0867507	7231b4356461444276804b82875365393249b8de04af57ebb55eda875c0cff1c
46	cpu_randomized	rust	optimized	39	1003974	1623.101				38344f79415a73365adbaee9fc086d18eb41fc55c6fb1a444c195466c62096cb	2c8fe87d4ca77757a42f3be2ca30a008f98e07f4adee5a19a87e21028cfe6773	63ec4a5391e90da34af5379188488b6e8a354f3280d7081a5b9b5f56f979dc03
47	cpu_randomized	cpp	o0	34	982426	1508.584				d6831c8cde5515cfd4c838a7bac44a9fd0d5064df51f93bf405162083f0774a1	c4d8b79c3fca40ad7f96c82dd208b70f6d490204fc58c74692734f966cdd0770	3840f7c45ddb32c37fa0e586d9ff9bfb4912684c08f3b5e8486e65337597eeca
48	cpu_randomized	rust	o0	37	1000340	1973.219				db5e7c81a487150864e3416e8854555aed12c77b10d82a75bc53e9fb8501c765	b8c3fe9449137834872372038a74389e21fe4e140055ebbf618ed453fae7abc1	289c175d22ff2c80560fb3deb24d15dc488f8a543f5fae8d70d5d14c9f325f35
49	cpu_randomized	rust	optimized	38	1004308	1491.811				17545b7dde457cf91a457c244ec1e3909a60623f707e87eb5613288f24f7826c	1ff2260fa56f2d5cd1f248020dae5fa98831913482d6ec82ced58e8da691793b	db230531d1c298300b8ba551d9e5db5b8fe63ea1c2ab453a9b851fcd7c9fefc3
50	cpu_randomized	cpp	o0	24	975104	1470.606				1f7e59d70a9a49fa27a611abf893d8c6151c6ebd3d79550e8ba679aaead6fc46	c67788e4b02cd53bb57853e2b92dbab99e89c69c3b1ab4d5d5382ee3c38cffef	17ac5a5ce9bb8f29cf9b3e1db92ad2429665f272d62f2edc8d905da27744c34d
51	cpu_randomized	c	optimized	28	977121	5558.662				0a7f4e5aae14cc2119c43c1737f9fc1aa851778c54dd490f137d6184efb1fed0	22b9eafc72373cdde018236a74c021fc58d27d0ba5d4f6c577345b2c6c5c38e0	181210f8f9c779c26da1d9b2075bde0127302ee0e3fca38c9a83f5b1dd8e5d3b
52	cpu_randomized	zig	optimized	23	1004444	886.415				e3297fca36c1c17ddb49a877e064421729b3c407b5e680d70ad3a9959a34122a	a9858c18d1f7fbcd2418e264c06c1c953dbd3b48df061bd051e355a4bb98a631	a35a5e69d88d7a6780c200af2a370834cf58149be217857a7c783ebb1e1ea8b6
53	cpu_randomized	rust	optimized	27	998586	1694.966				69228e779c47ac95261835cba5c293d8bcf886c82aa37a7d5684952fc6d7acd3	3d9465783dec0e1a27b05418821a65a50feef6201c34f75202f17f5836c9d44a	04e0e75067e564d696d0d38be18b52aca9e015c750ce94153f0f97edac76bcc9
54	cpu_randomized	rust	optimized	29	1003233	1717.360				c06739890deac0280766e727690483b9487ebba27ca9dea0b4678e6382d1f368	3075114b0291fc40238421bd388b68c465932eb3661fe760e2278fe6d9f9cfdf	d1506f9b33d16a9d93f8b6aa03d6b12739f1b4a2fcb7403546b53e8c03fcff26
55	cpu_randomized	c	o0	33	981336	1113.719				aa842febbfe7d857bf9f0aeee4b38bb6cddc5252f9290632b022ae2d3c6c31af	1b6c5c6a560f74637a8e9dbc58a8dd3c3e75348f31fa9aedb7779964303152aa	cf9566ee3f015d1a08ee2b968d6fdb84537390072846a803f0b60d81b30b5ab4
56	cpu_randomized	cpp	o0	38	982853	1342.203				c136b77022ca15213d78c173906e75983ddb624fb706bea5c4d336e37ccb91c2	c4aba099a034047e8924797abc0bf8262f4dddd7951069096935eb255665e7ef	db230531d1c298300b8ba551d9e5db5b8fe63ea1c2ab453a9b851fcd7c9fefc3
57	cpu_randomized	c	o0	30	980769	1201.228				b8fc68fe5c23a5d34988196c29e6e38ff78c2edd9fa2bf96bc459795cfa3c7fb	03e2f3db7c03428a17f11ee66510ff6ac7f00be458eb910b7c0b063d740f69f1	31cdf141064994b026c768d958e74a47c2e1868687aadb038c9b93bdcac275b6
58	cpu_randomized	zig	optimized	28	998671	842.772				9b2538278b9589c54b88821ba60ee32798bc0550466069dc33aca82f218a6d32	3b3ba51205c9f99fc86b6a0d6eac196b1e812e820e9d0050dca55797c7652910	181210f8f9c779c26da1d9b2075bde0127302ee0e3fca38c9a83f5b1dd8e5d3b
59	cpu_randomized	c	optimized	23	981587	5606.342				72399c431fdd72fe1e3bb92a802fb16a81985a7ecda1fcb3edb728891df0b6ad	dd05e7c9129641bbf6c60c48af3116771db0106060383aedf3dc6173eb276ac8	a35a5e69d88d7a6780c200af2a370834cf58149be217857a7c783ebb1e1ea8b6
60	cpu_randomized	cpp	optimized	22	982995	5647.349				e681b8cba12818f1cfeb2972c35401fc9eb97e7945e817049cba8ee4fe53726c	36b92d4076b79d76c219e207515b4db8ba695f53f18fcb2b027aa68ead23ae34	cb25726f1026acf87f2389188e9c5916403c489260944d537b814f812325f3f9
61	cpu_randomized	cpp	optimized	37	979070	5466.266				1cca6e2fbcde99bc49e5e786123a24722410b2c4608c2e6173c7e5725241c12e	8dbafce29838358c4bca4ba06cf4fae5d5c0c6d2fe18680d007a27faa9a8bc59	289c175d22ff2c80560fb3deb24d15dc488f8a543f5fae8d70d5d14c9f325f35
62	cpu_randomized	rust	o0	39	1003974	1936.056				38344f79415a73365adbaee9fc086d18eb41fc55c6fb1a444c195466c62096cb	87c26f01579c32f3b6629831772bd858926cc0dae7b8101dbe3cd905a2ee9323	63ec4a5391e90da34af5379188488b6e8a354f3280d7081a5b9b5f56f979dc03
63	cpu_randomized	c	o0	27	978380	1150.006				37a458a0960e9cceaf246ef84e96de68cbd21b462a368c9606c242500baa9d77	6df659c144c0f45590b0bb46f7fd715102bcd6390bf0a803dc5f67f14d79ff8b	04e0e75067e564d696d0d38be18b52aca9e015c750ce94153f0f97edac76bcc9
64	cpu_randomized	cpp	optimized	20	984172	5635.297				fa21c922eefed1173a7a06aa00b63a147f406743817c7df5c182e21ced5c9683	adb513c4e3986af38af3ba11d5c5ce318cf6be4d21d9da9f01d3dbfd00df7dcf	7884a944a65f94cef35ac0813b3f4dbb2c59b017df71ea92162bff3b636ea4f2
65	cpu_randomized	rust	o0	33	1003863	1806.898				52271567b49f6bf547174b0067f6cd1c8bfd50ea4d7de8c70e823c14ebbbdf6e	072cb23688cd4b56a99ffb9ff5a10b2b82e7fb773e362cce685288e738f7e898	cf9566ee3f015d1a08ee2b968d6fdb84537390072846a803f0b60d81b30b5ab4
66	cpu_randomized	rust	optimized	37	1000340	1384.525				db5e7c81a487150864e3416e8854555aed12c77b10d82a75bc53e9fb8501c765	0a6a0e7a16f2a9933b42392fcd41a840d0ab627070ccf2d54b63dc1ebd20fee1	289c175d22ff2c80560fb3deb24d15dc488f8a543f5fae8d70d5d14c9f325f35
67	cpu_randomized	c	optimized	38	982861	5334.812				561bc7eb73b76f36546304bd630f6d969340c59f1ad913c9956aaa77cb5d33d7	8b7d48df874f2e6834fdee5f53a4b54c331c878e3e580d296aedef3335a7958f	db230531d1c298300b8ba551d9e5db5b8fe63ea1c2ab453a9b851fcd7c9fefc3
68	cpu_randomized	c	optimized	30	980769	5216.017				b8fc68fe5c23a5d34988196c29e6e38ff78c2edd9fa2bf96bc459795cfa3c7fb	36146d1a36782d476cfd433187eaa618fe72ca59135c282d447364805ca1d239	31cdf141064994b026c768d958e74a47c2e1868687aadb038c9b93bdcac275b6
69	cpu_randomized	cpp	o0	32	976993	1313.388				5a459e211d325171cc5551e19318ea18917dd666fd0029c0ea72c8ff973edcbd	373f0aac2729779d266bc1e019e0f76314e308b010472a97822b3ae455a4b3a8	525940b113125824d48679d0e4c42322b3ea1c10366c499b6cdc6ca3819ad739
70	cpu_randomized	rust	optimized	20	1003868	1554.430				5d6a1915d28e3d8f1e703cef810b6e21c4becdc15c611fb6f2c77231268389fb	c32be532e4de647a9538c15168c1ecea510704de208a3f7fbd839bf2720ae51c	7884a944a65f94cef35ac0813b3f4dbb2c59b017df71ea92162bff3b636ea4f2
71	cpu_randomized	zig	o0	21	1004663	486.454				1e040612e3e5459f9dc6ff7ba18c64f39af59b216837cf4d3a8140fe1edf569b	4dda6478a993628d9e8e17c17559e777f787406f7b1e057034de2f6a677b451a	4b8503f5cc3c887e174d8f87c11cbeaddf1d5c328173e46157233b97a91aae42
72	cpu_randomized	zig	optimized	31	1002460	875.075				02a691dba33df93dceaab5aa4bbe2b20ec0f1d654fe96a2d22eed5fd0199d969	536066d91619bd065dba4097e5e89ee3b98d5b60ad50ff736d1de4af3ac6e0a0	21124d883146b99d7dc9f67c936ceb4f9c9e605ea3d1c0f8c44d332a68dd3d41
73	cpu_randomized	c	o0	24	975112	1133.867				ab851950b3934d8216f208e8d4663a99dd855b374999530b0fbe67f1e27b2e50	7617c304064cc04d3c4dbb401ad086259ebad58ae054da99f734d6cba0320e47	17ac5a5ce9bb8f29cf9b3e1db92ad2429665f272d62f2edc8d905da27744c34d
74	cpu_randomized	zig	optimized	25	1002205	942.474				77d43278424e1b7df81acbca2129f33095b54e49cf5018b1717583bec2851cb8	d825ef25b28efbd07193383de9336b2c0a0442738d707d28b20cbc91d69b673e	7231b4356461444276804b82875365393249b8de04af57ebb55eda875c0cff1c
75	cpu_randomized	c	o0	35	980705	1126.800				2ddf3798a6dbbf9b45fb5ea699ac5449354e7eae048984c597cef5ed651f2d8b	aaebffd85b69d7705a78506e3eb082d0ececd0ddf8bd57f36a2f9f4d3b78c756	a93dbf1e95ddc4cfa84e9cd3cfa6c9e0e14affd79812abde4bca688224430a65
76	cpu_randomized	cpp	optimized	33	981328	5607.080				80de938ebb8225449376c1736e46e15a5fad1dcb7885e34102b850d6bc0e5539	9188d2fb39daae4cc1095789bb5c1e8c7fa588ac3f1cb8f9e3aa01be26e92c9a	cf9566ee3f015d1a08ee2b968d6fdb84537390072846a803f0b60d81b30b5ab4
77	cpu_randomized	zig	optimized	36	1004156	908.170				3d9f7fe96622ced8c48a054b7bf4c05efa70190ee865b3c100ec97dcfe85fcb4	cd2fdb2fa999ac5a766b0c2204c0d291117aa38388bf8764fa0d3d7276adb924	c52f2536a9e8462dc8d533cf99662098c86d035cd6e9fd58579e0c101c2e0aa5
78	cpu_randomized	c	optimized	20	984180	5225.495				6df6038ea34ae2fe6c7e9718a942cc03c34f55e6bb6ea6e108a66c5f11797e74	4cf829661abb59bacc9cd436ab6e3f644aad810c3b971843097b109b378a2487	7884a944a65f94cef35ac0813b3f4dbb2c59b017df71ea92162bff3b636ea4f2
79	cpu_randomized	cpp	optimized	26	984551	5597.582				95a982c6dbead904b0b6129b7ecfc1aaeabc8e2619e503e92158262942764c9f	aa64ef502d0753ec0015cf1b1d3cf03349fbb558ee5c0e77a64de041eaaf4e9a	207db6cbeab7cf4aa8ddfbcec34f4df58186e3354cbe7822756864df81e7dc6f
80	cpu_randomized	rust	o0	30	1003697	1851.853				0695bc45854ff44edf9de11bf7b24abd673d8d49c6d8d0f53214dc39a05dce5d	0af97cc7bbb8a25918c2d2a9a9465428f579b76c23bbfca7e724bf3d0b1fae1f	31cdf141064994b026c768d958e74a47c2e1868687aadb038c9b93bdcac275b6
81	cpu_randomized	cpp	optimized	32	976993	5641.696				5a459e211d325171cc5551e19318ea18917dd666fd0029c0ea72c8ff973edcbd	8cead293ee1859ee28f08e24b634a52302e526247aad991a9cc76650fa08b4cd	525940b113125824d48679d0e4c42322b3ea1c10366c499b6cdc6ca3819ad739
82	cpu_randomized	cpp	optimized	39	982503	5578.547				9c04d3178f6c9f43b5b8a365bf59874da22b63af4742bba9df239ff23190efa0	3599982ee611afae4198e5eb50e7d2067b75de0f6c3d6b456e800acd17010fcd	63ec4a5391e90da34af5379188488b6e8a354f3280d7081a5b9b5f56f979dc03
83	cpu_randomized	zig	optimized	32	997710	815.109				dbeb946822893cd55e85ef4f45c905575e81c5fad2d3fa4d9ebcfa0d7707e03a	439471f51fffc3f6cabf20668530e1db8e956935e7523fd9dbca4778e89525cf	525940b113125824d48679d0e4c42322b3ea1c10366c499b6cdc6ca3819ad739
84	cpu_randomized	cpp	optimized	24	975104	5683.454				1f7e59d70a9a49fa27a611abf893d8c6151c6ebd3d79550e8ba679aaead6fc46	afaf07b414711cba6c40f030f331d22f26b1506f539aa334b3ad0cfcc0d2dcda	17ac5a5ce9bb8f29cf9b3e1db92ad2429665f272d62f2edc8d905da27744c34d
85	cpu_randomized	rust	o0	24	998555	1787.377				3383afb57c9f0bd7dcc1d8d6990771cdd7eae956d2283e80f4189a48eb5be656	535240c6b573744f3590fa05738c84199189bed44ef25875126cc39b300502c6	17ac5a5ce9bb8f29cf9b3e1db92ad2429665f272d62f2edc8d905da27744c34d
86	cpu_randomized	cpp	optimized	25	979697	5556.895				ab5e07a53b909d254c10e1764747242e33ff44e5dd9d5b7b7a272ff8c5a7521e	442d9afb645b61463db395d5c82ff1224001a00dc4007fca0d848a5b0ccf0ae1	7231b4356461444276804b82875365393249b8de04af57ebb55eda875c0cff1c
87	cpu_randomized	zig	optimized	21	1004663	828.957				1e040612e3e5459f9dc6ff7ba18c64f39af59b216837cf4d3a8140fe1edf569b	6bd909950391dadc21fee4c0a30590e97add1425fa37c13616aaab624caac785	4b8503f5cc3c887e174d8f87c11cbeaddf1d5c328173e46157233b97a91aae42
88	cpu_randomized	c	o0	29	981114	1133.808				19e5ab11923b694e9df28b41e7c186dc85d83f8b0d82db2339e2c4abaaf8f728	0b263a4e8dfec7a7e8bdc60167bd7cae1516340d6a6093356d8899bc7633c98d	d1506f9b33d16a9d93f8b6aa03d6b12739f1b4a2fcb7403546b53e8c03fcff26
89	cpu_randomized	rust	o0	20	1003868	1819.355				5d6a1915d28e3d8f1e703cef810b6e21c4becdc15c611fb6f2c77231268389fb	06b77ea89dd6d91353231a794aa708ffb3b227eccf4f3be16beeb6a5b5e761c7	7884a944a65f94cef35ac0813b3f4dbb2c59b017df71ea92162bff3b636ea4f2
90	cpu_randomized	cpp	optimized	28	977113	5408.933				afc0ac2243638649a727b2521d603be5288c37f3da9d33bccfb002faf6e7ce6c	ddccdb079f3e31bacbee130672649ad0f02a205aa973f164a5eac40d41f3e73c	181210f8f9c779c26da1d9b2075bde0127302ee0e3fca38c9a83f5b1dd8e5d3b
91	cpu_randomized	c	o0	38	982861	1202.528				561bc7eb73b76f36546304bd630f6d969340c59f1ad913c9956aaa77cb5d33d7	34ab834e6b5719062850bdc77764cc54569f0bcf36aa788ced9cbcdf773fb4da	db230531d1c298300b8ba551d9e5db5b8fe63ea1c2ab453a9b851fcd7c9fefc3
92	cpu_randomized	rust	o0	34	1004617	1845.125				d5278a88275f24744934eed8b40341a6a46f4c05f5b823fbf0f35b5ca7e59fd9	1d4ce169fb15ecbc6abe6e74e27578bb310be282e172021757a401ffd759348b	3840f7c45ddb32c37fa0e586d9ff9bfb4912684c08f3b5e8486e65337597eeca
93	cpu_randomized	cpp	optimized	38	982853	5569.751				c136b77022ca15213d78c173906e75983ddb624fb706bea5c4d336e37ccb91c2	22093c9a377029420704bf83fc09ba1b6a48dff32a075dcf9fecada9d3c2ddf8	db230531d1c298300b8ba551d9e5db5b8fe63ea1c2ab453a9b851fcd7c9fefc3
94	cpu_randomized	zig	o0	36	1004156	473.490				3d9f7fe96622ced8c48a054b7bf4c05efa70190ee865b3c100ec97dcfe85fcb4	9fb43e68d9ed0d64531caeaddc9e5a92a2167305d1934fde51e1fc991cc23d1b	c52f2536a9e8462dc8d533cf99662098c86d035cd6e9fd58579e0c101c2e0aa5
95	cpu_randomized	rust	o0	28	998520	1691.969				5089d208e58473db033b42a1afcbc09faef5144b88355099b368ca792716d45d	fb82b9144b4b005202a75de8a058a42d1cc4ad49e5111c70443ad5970a6a8234	181210f8f9c779c26da1d9b2075bde0127302ee0e3fca38c9a83f5b1dd8e5d3b
96	cpu_randomized	zig	optimized	27	998727	918.324				38a185eb6d5b8eeef389ca10d5ef859741bf2388dda83fe8d8afd032c4b2070e	f044dd68228e37450f6c61eb09680813a62532f2b6c5afa27a4dfc2736b5ae04	04e0e75067e564d696d0d38be18b52aca9e015c750ce94153f0f97edac76bcc9
97	cpu_randomized	zig	optimized	37	1000491	894.541				c7140281cb9b41b2cdb57ececd60194c5f1f8b1ec50cf1fc6df34a0c63bf7870	8016539967e319d1d5bbc06d14625032d153cf44fc84c688f4192852406f234a	289c175d22ff2c80560fb3deb24d15dc488f8a543f5fae8d70d5d14c9f325f35
98	cpu_randomized	c	o0	36	981424	1251.140				6ab1b317b1995f54ccfbfbe438b600c1d2f4531724a3fe01e4cb23d3ef52de8a	60978f0aaaa0f15e77a37ebf1c3488a903be82355527a9b43b4ae1e7ddc0c352	c52f2536a9e8462dc8d533cf99662098c86d035cd6e9fd58579e0c101c2e0aa5
99	cpu_randomized	cpp	optimized	34	982426	5584.234				d6831c8cde5515cfd4c838a7bac44a9fd0d5064df51f93bf405162083f0774a1	da3a7d8218ad498c67419811095ac999e4a64d03279720bc0b990bffdc5bc63d	3840f7c45ddb32c37fa0e586d9ff9bfb4912684c08f3b5e8486e65337597eeca
100	cpu_randomized	c	optimized	39	982511	5272.179				ac0b0bafa071fff4554d86469b8f8764be7707a020bced1a43b40433db5aa403	b9c7418ed11401154edc62ae8b64f0c42cfd5616dc9e3bfa7c24b9e59c8ad808	63ec4a5391e90da34af5379188488b6e8a354f3280d7081a5b9b5f56f979dc03
101	cpu_randomized	cpp	optimized	27	978372	5419.493				63e3846f3762e9f5aed825c031722227ed188c450dc19f9cda9d48fd28847ba0	30e1f82412358abfd3c5a36227593cfd09ba9595eabcda993c9a1486abb6b205	04e0e75067e564d696d0d38be18b52aca9e015c750ce94153f0f97edac76bcc9
102	cpu_randomized	cpp	optimized	35	980697	5428.023				4d0ec4b387a7c36849aae3d3fb49cef19e089084080173e020d75e620a4cd694	2a9660c5b1cff86643f5b84254ee240d5e72f2b00711b23aa74ff200316e3410	a93dbf1e95ddc4cfa84e9cd3cfa6c9e0e14affd79812abde4bca688224430a65
103	cpu_randomized	c	optimized	37	979078	5701.729				21745ea9f03f1961fbe1d008d51be10263acc7869f613cba48ed1d3b61147bf3	e67edc6c41d8cfa60dcad454dc60b7961dd510091bcaaf8d029b0bbb598e0220	289c175d22ff2c80560fb3deb24d15dc488f8a543f5fae8d70d5d14c9f325f35
104	cpu_randomized	rust	o0	21	1004504	1785.001				3d7ea8a43c10e9fb22b548c60433049d350d8d1560435a214a441455111213c5	3335e6e409445931fe9fe3b45fcc65d51c06da0a2392157d26c65427d05108cc	4b8503f5cc3c887e174d8f87c11cbeaddf1d5c328173e46157233b97a91aae42
105	cpu_randomized	rust	o0	35	1001113	2025.583				aaba179ff7bb4fffe4813fd06e2800ab5039c6032270ee059d18d127ebe0e1ca	a60db4d2e98fe84a479d564275905f20a04c0fd8581198dab23fc04e30a4249c	a93dbf1e95ddc4cfa84e9cd3cfa6c9e0e14affd79812abde4bca688224430a65
106	cpu_randomized	c	optimized	26	984559	5225.881				57f4490af4f30e495b483162c0e5cfe994159ba621133c72e5602cf427cf4717	b2d38a7fc606f16aec9f57df421d919c547b3d6f214b77ba9f6acd708472df61	207db6cbeab7cf4aa8ddfbcec34f4df58186e3354cbe7822756864df81e7dc6f
107	cpu_randomized	rust	optimized	31	1002308	1507.005				9850250b34341538bdf107f8a7016e32c89e4fedde2fe781b346bf93dd2181c7	710ccca6b2013bd10e842641f5a9a57d99cdde05f217263676a6cdc0a41c8640	21124d883146b99d7dc9f67c936ceb4f9c9e605ea3d1c0f8c44d332a68dd3d41
108	cpu_randomized	rust	o0	27	998586	1876.299				69228e779c47ac95261835cba5c293d8bcf886c82aa37a7d5684952fc6d7acd3	646f6ea3108f937be598f4808f9fbae85ead539ce4779b16c50d9f0f9fff1bbb	04e0e75067e564d696d0d38be18b52aca9e015c750ce94153f0f97edac76bcc9
109	cpu_randomized	c	o0	32	977001	1142.373				a08ce7f85fa31fa1ccf485593a07be6da94820255de77a100233e6c824863cff	352ea7d049608d6ec432015f02d5b3931e13e07eb73361dd58eb69badb76ef9f	525940b113125824d48679d0e4c42322b3ea1c10366c499b6cdc6ca3819ad739
110	cpu_randomized	rust	optimized	33	1003863	1547.226				52271567b49f6bf547174b0067f6cd1c8bfd50ea4d7de8c70e823c14ebbbdf6e	c6431b156c0ec03c05db12e74d27a2325758ab8576d7c7a966d0435a1fffdf63	cf9566ee3f015d1a08ee2b968d6fdb84537390072846a803f0b60d81b30b5ab4
111	cpu_randomized	cpp	o0	31	981349	1290.853				56b195adc74a95ac57e5f9f90976461328915414b47175a65fd46e87f8a7cd01	7db6197f29a1f902fd5f4ffd845710a758d8ceacbbb30e4ff2189abbccb7bdd0	21124d883146b99d7dc9f67c936ceb4f9c9e605ea3d1c0f8c44d332a68dd3d41
112	cpu_randomized	zig	o0	25	1002205	452.506				77d43278424e1b7df81acbca2129f33095b54e49cf5018b1717583bec2851cb8	066cd260400d488e0857c62392e023cfd607ac730ae6d94fed782ce3ab43a813	7231b4356461444276804b82875365393249b8de04af57ebb55eda875c0cff1c
113	cpu_randomized	c	optimized	35	980705	5244.010				2ddf3798a6dbbf9b45fb5ea699ac5449354e7eae048984c597cef5ed651f2d8b	c7faa01604783429b392e23aa2e4e362c6b1b76f5a6b1d3e132a22580b85f1f7	a93dbf1e95ddc4cfa84e9cd3cfa6c9e0e14affd79812abde4bca688224430a65
114	cpu_randomized	zig	o0	23	1004444	482.921				e3297fca36c1c17ddb49a877e064421729b3c407b5e680d70ad3a9959a34122a	31e1616bbc8a1aa6f5da70821e23b4a71d7cb2866f934cc864c4f3cf3fb3db89	a35a5e69d88d7a6780c200af2a370834cf58149be217857a7c783ebb1e1ea8b6
115	cpu_randomized	rust	o0	31	1002308	1736.454				9850250b34341538bdf107f8a7016e32c89e4fedde2fe781b346bf93dd2181c7	8971dee90d43327071aa1886adb7e91168cf28e05a3bc27e1c1a97588d14eafc	21124d883146b99d7dc9f67c936ceb4f9c9e605ea3d1c0f8c44d332a68dd3d41
116	cpu_randomized	cpp	o0	35	980697	1294.049				4d0ec4b387a7c36849aae3d3fb49cef19e089084080173e020d75e620a4cd694	6971367fe917030f2e13a30362be79b56adea6d0d996d9b7e2d80c58bea5114e	a93dbf1e95ddc4cfa84e9cd3cfa6c9e0e14affd79812abde4bca688224430a65
117	cpu_randomized	cpp	optimized	21	982148	5564.970				0b92472a3a081e7837e9facd461c92a6192830957b0219fe787f0b76979302ee	af62ffe7f5e868edfc3d38b7ed52c2aea049fce1bb3b1c62470ef49e35cf4bfa	4b8503f5cc3c887e174d8f87c11cbeaddf1d5c328173e46157233b97a91aae42
118	cpu_randomized	c	optimized	27	978380	5224.487				37a458a0960e9cceaf246ef84e96de68cbd21b462a368c9606c242500baa9d77	5e8173bd585a2ec2b803fd1d3a5ec2127c0b42614c72ecb22aeeff6fc493b07e	04e0e75067e564d696d0d38be18b52aca9e015c750ce94153f0f97edac76bcc9
119	cpu_randomized	cpp	optimized	23	981579	5591.457				438541dd11eb63496ea4c5f6fcb667b6fd2028b15b153aafdad388bd4c312a43	407680c4ca2c2e4f38908ba787feb9f960708297abe2a4f3f5eede620d8ac920	a35a5e69d88d7a6780c200af2a370834cf58149be217857a7c783ebb1e1ea8b6
120	cpu_randomized	zig	o0	35	1001266	477.580				5556e62f39b9cab1d7368485e0531ee6ad11e47190df84aac85610ae72a9a261	4aeea1d525cf0a8aa0de1a19ad6422368241341b04b7ad4a851347d917da4680	a93dbf1e95ddc4cfa84e9cd3cfa6c9e0e14affd79812abde4bca688224430a65
121	cpu_randomized	cpp	optimized	31	981349	5488.626				56b195adc74a95ac57e5f9f90976461328915414b47175a65fd46e87f8a7cd01	cf4c22dbe2cfc18bc0f8bb4d6db34caebb38f321976ac310bf0c742562197d70	21124d883146b99d7dc9f67c936ceb4f9c9e605ea3d1c0f8c44d332a68dd3d41
122	cpu_randomized	rust	optimized	22	1004402	1420.464				30e362c858fba39b7be2dac8ab51d6ea6429893bb737b8706887af9f51468aca	40822fd6e795157a044b60c544640ad66d686ea80562599e382e9c91d9adf58b	cb25726f1026acf87f2389188e9c5916403c489260944d537b814f812325f3f9
123	cpu_randomized	zig	optimized	26	1004118	868.899				095f618b8304a734efb0107697ed5c581e7eef31f2cccbd23b851c16ba9fffaf	5676052d4229cd54efbcb02c29a9d8692b2e6a86b3c15037b7dd73a6adce7180	207db6cbeab7cf4aa8ddfbcec34f4df58186e3354cbe7822756864df81e7dc6f
124	cpu_randomized	c	o0	39	982511	1124.977				ac0b0bafa071fff4554d86469b8f8764be7707a020bced1a43b40433db5aa403	a572f64283f34744bb624516d66e8456da2d5327e45bc579afcced77a3294368	63ec4a5391e90da34af5379188488b6e8a354f3280d7081a5b9b5f56f979dc03
125	cpu_randomized	zig	o0	27	998727	481.487				38a185eb6d5b8eeef389ca10d5ef859741bf2388dda83fe8d8afd032c4b2070e	23285f06f22433e84ab5cc6ad4d2e043e80b7c6adb20980be87a568af0ec2475	04e0e75067e564d696d0d38be18b52aca9e015c750ce94153f0f97edac76bcc9
126	cpu_randomized	zig	o0	34	1004773	498.072				b4df3f85f1b11c37a77c197488c5927d96d57749f90a3d4211aae6c0fc8b5453	fa568e0fe15771650811961fdc6f0e25090d90160f27a8cfbb1a4871e4b85041	3840f7c45ddb32c37fa0e586d9ff9bfb4912684c08f3b5e8486e65337597eeca
127	cpu_randomized	rust	optimized	32	997567	1600.352				338366577de6ef6860a5bbdf657e51e5086a46d106b6b140fbd291e0caa6a233	9881067aa298cbc41c2a910ef5355fb66435ec2a60a4d483847d6263a1af25f1	525940b113125824d48679d0e4c42322b3ea1c10366c499b6cdc6ca3819ad739
128	cpu_randomized	zig	optimized	39	1004126	940.910				e6ca81eb76c3c08332c62d68a803c9f6a76a0a841d5cf787dcb526d24597ec01	1b5c9be84914adaf51edadba1f7f0b90eee4473409bc87d10fe0e86a8ec4cb85	63ec4a5391e90da34af5379188488b6e8a354f3280d7081a5b9b5f56f979dc03
129	cpu_randomized	rust	o0	22	1004402	1994.962				30e362c858fba39b7be2dac8ab51d6ea6429893bb737b8706887af9f51468aca	176f6f361dfc920c7ff6ea955ba3ab4bf1ed5523c5142cb7da0dcad38ed2c67b	cb25726f1026acf87f2389188e9c5916403c489260944d537b814f812325f3f9
130	cpu_randomized	c	optimized	31	981357	5746.079				3bccdd9d041c36aa8d398534734de612750ab3a302ebcec6d9ae8903abb42a22	7580299ad4a1b1e1ef3c7f673a94332ffe730d111ee22604d0b4f0b217cf33bc	21124d883146b99d7dc9f67c936ceb4f9c9e605ea3d1c0f8c44d332a68dd3d41
131	cpu_randomized	cpp	o0	30	980761	1353.015				c220b8307a7a09f586af1212d962e7bafab045f5e8f8e51a13440dd5deae1da0	c09ca0678bd9af2eaf529ff835c0f50c858bd89d5c44e45f80ebafce4dcdd3bf	31cdf141064994b026c768d958e74a47c2e1868687aadb038c9b93bdcac275b6
132	cpu_randomized	zig	o0	39	1004126	441.021				e6ca81eb76c3c08332c62d68a803c9f6a76a0a841d5cf787dcb526d24597ec01	3a8df3e18c36828038a3d42f9abb6cd88269f04fcb0b0f4d6f169f50515c497e	63ec4a5391e90da34af5379188488b6e8a354f3280d7081a5b9b5f56f979dc03
133	cpu_randomized	rust	o0	36	1003995	1952.308				a6df909c7150c12fc7346f02798d7c03040e2f5f3e1055efca57783a0054b76b	23b092119bac19b693aeb7620025081b32b6fdfbff140e7ab4c9ab83ac768cd1	c52f2536a9e8462dc8d533cf99662098c86d035cd6e9fd58579e0c101c2e0aa5
134	cpu_randomized	zig	optimized	38	1004451	909.146				3d0357d4b8d1d4c96b83d9a65e7031e0b5fc99d501bc68f5126cf53e8fd3f720	928b4b8f01130622f215b6c0ed6d591c2e7edf8bdb0ffd4b448c7181962c9f19	db230531d1c298300b8ba551d9e5db5b8fe63ea1c2ab453a9b851fcd7c9fefc3
135	cpu_randomized	c	optimized	25	979705	5612.326				5b10f04b6a4df39090ce659941faf75abc6734f09da61450c04f90376e5cd599	aac268dccfad46863e149be2397bd7ad509be88b5c8fa03bdb1938f37ee4b34b	7231b4356461444276804b82875365393249b8de04af57ebb55eda875c0cff1c
136	cpu_randomized	cpp	o0	20	984172	1411.162				fa21c922eefed1173a7a06aa00b63a147f406743817c7df5c182e21ced5c9683	7ca673f215cf847417fd845f3ae9b9d61ae06c119de8e0e24a1ca32aa9c2d1f0	7884a944a65f94cef35ac0813b3f4dbb2c59b017df71ea92162bff3b636ea4f2
137	cpu_randomized	zig	o0	29	1003388	515.992				99f476a7d63e18474c066b4fa418767643732e38627fbc1bd29d46d167b8a026	6a0cd85dddd16bd569bc0393f68be381c85b96193e50d32611807166e5ea0bea	d1506f9b33d16a9d93f8b6aa03d6b12739f1b4a2fcb7403546b53e8c03fcff26
138	cpu_randomized	c	o0	26	984559	1138.375				57f4490af4f30e495b483162c0e5cfe994159ba621133c72e5602cf427cf4717	33bbb60972800839e910d3770bef69866743a8413a618f9537547054196d1a32	207db6cbeab7cf4aa8ddfbcec34f4df58186e3354cbe7822756864df81e7dc6f
139	cpu_randomized	c	o0	20	984180	1260.662				6df6038ea34ae2fe6c7e9718a942cc03c34f55e6bb6ea6e108a66c5f11797e74	8411f2b49ec5859a2d974b642464e1bfcc0d819d2618f58b6cb54672a9d3cd05	7884a944a65f94cef35ac0813b3f4dbb2c59b017df71ea92162bff3b636ea4f2
140	cpu_randomized	rust	optimized	30	1003697	1447.612				0695bc45854ff44edf9de11bf7b24abd673d8d49c6d8d0f53214dc39a05dce5d	2abf684e11f54052167a8eb2a96723a6477ff629107c6c928bb7782aaeff76b0	31cdf141064994b026c768d958e74a47c2e1868687aadb038c9b93bdcac275b6
141	cpu_randomized	zig	optimized	34	1004773	953.693				b4df3f85f1b11c37a77c197488c5927d96d57749f90a3d4211aae6c0fc8b5453	1398cbee098abaa5f63f2ad28f4a07ca849807035bcf715629b9cd5c6f1f4b5a	3840f7c45ddb32c37fa0e586d9ff9bfb4912684c08f3b5e8486e65337597eeca
142	cpu_randomized	rust	o0	29	1003233	1938.101				c06739890deac0280766e727690483b9487ebba27ca9dea0b4678e6382d1f368	63ace820ff7db1d5af30f5f1e52829b9a6ddf56aedc2024d1c7722ec117796ef	d1506f9b33d16a9d93f8b6aa03d6b12739f1b4a2fcb7403546b53e8c03fcff26
143	cpu_randomized	c	o0	37	979078	1229.993				21745ea9f03f1961fbe1d008d51be10263acc7869f613cba48ed1d3b61147bf3	94115e95387c9912c4b90d962d982acef2e34ebead8190c52285232eae5efdb8	289c175d22ff2c80560fb3deb24d15dc488f8a543f5fae8d70d5d14c9f325f35
144	cpu_randomized	zig	o0	22	1004553	470.137				c3b012d47f56c50750d52b4898c7b1aaa07816d1637b72f802623d5dfb5395e3	f5191476e8288f507af903de93c061d4288078989a5bb0a673cccd4ecd59af86	cb25726f1026acf87f2389188e9c5916403c489260944d537b814f812325f3f9
145	cpu_randomized	cpp	o0	29	981106	1440.250				b0eb9eeb5211db6aabaca522aca036c23b24beefaeec0cddeb650d0b46149e79	5ee46297cbc41c0d9d6ef3e7132cb8c91fc97be5be3941c28375b762ede2465f	d1506f9b33d16a9d93f8b6aa03d6b12739f1b4a2fcb7403546b53e8c03fcff26
146	cpu_randomized	rust	o0	23	1004294	1768.960				511c96f076178b17746a0065a8f9030dc8e9158e53c50cbf2cee62a2f1e1851c	365ff9d37e18f24ba99952b84daabcf80806a50c8ddd6745fe332d9a2b662f45	a35a5e69d88d7a6780c200af2a370834cf58149be217857a7c783ebb1e1ea8b6
147	cpu_randomized	zig	o0	33	1004012	456.120				47beb066f95923b1643653868a64c878743be9e483f3e15abfed624bd5afe665	8dcd80cdfec7d09707ddb5bfe492e8ba3eb4d79e0ff97ae24045f24295801210	cf9566ee3f015d1a08ee2b968d6fdb84537390072846a803f0b60d81b30b5ab4
148	cpu_randomized	c	o0	34	982434	1320.099				6b6b0fb8ed85328962024b8c9185ce632e07eea6f515f702d35e469bea855432	75f9623179268380c88d5f3f4a0b0b603f82ccc4b757f45acf8506febb47eeaa	3840f7c45ddb32c37fa0e586d9ff9bfb4912684c08f3b5e8486e65337597eeca
149	cpu_randomized	c	optimized	29	981114	5563.388				19e5ab11923b694e9df28b41e7c186dc85d83f8b0d82db2339e2c4abaaf8f728	34c26387f828047af18910926e016089dc954fc01d7cc87a5efdabe0ba61f028	d1506f9b33d16a9d93f8b6aa03d6b12739f1b4a2fcb7403546b53e8c03fcff26
150	cpu_randomized	rust	optimized	35	1001113	1532.621				aaba179ff7bb4fffe4813fd06e2800ab5039c6032270ee059d18d127ebe0e1ca	5cc9045935eb6616ad71a0f3668cbb3cc12631e66689309b5a8c4abb67cd99df	a93dbf1e95ddc4cfa84e9cd3cfa6c9e0e14affd79812abde4bca688224430a65
151	cpu_randomized	cpp	o0	37	979070	1305.072				1cca6e2fbcde99bc49e5e786123a24722410b2c4608c2e6173c7e5725241c12e	c2877559cfa850e90a2701465169e36db5ec4e0e25efc420e98e6777835bf0fa	289c175d22ff2c80560fb3deb24d15dc488f8a543f5fae8d70d5d14c9f325f35
152	cpu_randomized	c	o0	28	977121	1297.989				0a7f4e5aae14cc2119c43c1737f9fc1aa851778c54dd490f137d6184efb1fed0	0ef55f4701c2efea4fca367b05b32a9be7018179512f706a967cb358a7937ff7	181210f8f9c779c26da1d9b2075bde0127302ee0e3fca38c9a83f5b1dd8e5d3b
153	cpu_randomized	zig	o0	20	1004017	488.276				893b9419351c79cf48700450f5e1dc1e48e6bd33dde21de57ebbb5c6ed45de02	1771e8027ec785dc469b0d46e4b123a060ec4988ba2688a5c0e4e456bf43a381	7884a944a65f94cef35ac0813b3f4dbb2c59b017df71ea92162bff3b636ea4f2
154	cpu_randomized	zig	o0	30	1003864	484.525				6016266ea23357d5ee4f262af289fbf259b3d1f9c1b0bea3416de7e713629d05	47aa3f94f2211a0d9fd230b40a0bdc9acd7fc4473f9e7ad8b14b7950cea931cd	31cdf141064994b026c768d958e74a47c2e1868687aadb038c9b93bdcac275b6
155	cpu_randomized	cpp	o0	28	977113	1409.887				afc0ac2243638649a727b2521d603be5288c37f3da9d33bccfb002faf6e7ce6c	0c71d6dcd3946a9582001078f1f0af2edab7942172e114ea2c2512ae58f01cb8	181210f8f9c779c26da1d9b2075bde0127302ee0e3fca38c9a83f5b1dd8e5d3b
156	cpu_randomized	rust	optimized	26	1003978	1807.695				3767e1b3dc519d51eea95bf8f3123c923cabd623ccabbba14f51fa0b84c8ed05	fe95e086d1868937cf76e91c03079d439347867bfe1950de1d3a3658b432cf5d	207db6cbeab7cf4aa8ddfbcec34f4df58186e3354cbe7822756864df81e7dc6f
157	cpu_randomized	zig	o0	24	998718	497.220				da889aaa20bb0db29e0fe95e65768fee5d6c48835aa94cadbc0d24ef392dcab8	236577e7ffd34451741113f462b48c4633723fc9879f4339bae77da43d063b4a	17ac5a5ce9bb8f29cf9b3e1db92ad2429665f272d62f2edc8d905da27744c34d
158	cpu_randomized	zig	o0	28	998671	481.385				9b2538278b9589c54b88821ba60ee32798bc0550466069dc33aca82f218a6d32	67447edff4b33c0ed224b279ce8d17299357c2d0cf5bd5aa2fe67a03b4423514	181210f8f9c779c26da1d9b2075bde0127302ee0e3fca38c9a83f5b1dd8e5d3b
159	cpu_randomized	cpp	o0	39	982503	1341.836				9c04d3178f6c9f43b5b8a365bf59874da22b63af4742bba9df239ff23190efa0	26ea295f628dde1b67bcb4ffc5f9df5ffe7c273e7306a45dbbe3faa6d3a91bfb	63ec4a5391e90da34af5379188488b6e8a354f3280d7081a5b9b5f56f979dc03
160	lanius_hot_daemon_variable_project	lanius	hot_daemon_variable_project	39	1000000	60.299	1.981	57.202	0.894	f90ca7281ab8a7a387ea4fc00ce9a4b2a059c3f4920962355a0ee2a242945645	be88dbe52d9aaed3ddc3423030aea5a5e53095a3125ebc98575c0f43d62978ef	63ec4a5391e90da34af5379188488b6e8a354f3280d7081a5b9b5f56f979dc03
161	lanius_hot_daemon_variable_project	lanius	hot_daemon_variable_project	37	1000000	60.940	2.037	57.809	0.867	2f3d4fd093926d5f71a03378748a6db3822d9145e765ab5a8fee982867ddbb6a	de304682a2b36877adc0c10330d742894fa3eba74da7e5914d9298bbd9d2b3cd	289c175d22ff2c80560fb3deb24d15dc488f8a543f5fae8d70d5d14c9f325f35
162	lanius_hot_daemon_variable_project	lanius	hot_daemon_variable_project	24	1000000	63.074	2.000	59.935	0.909	105ec166fffe0b6db6413a0c6f0a8753ebcbbec41580f9e6d0da12e1ccf52a3a	8d3ae252b65d433fe9e827d0138287e5b65b8c74487cfeca3bbcd8e106d880aa	17ac5a5ce9bb8f29cf9b3e1db92ad2429665f272d62f2edc8d905da27744c34d
163	lanius_hot_daemon_variable_project	lanius	hot_daemon_variable_project	33	1000000	68.774	2.142	65.473	0.887	8697674930881884ea8a02d3f2548747d05aa11ab77a9e921ec619b0512d9c03	1f4c6df8bd1be24cb99c593401a734f6b3614eb7691e97fab5faa3031094b095	cf9566ee3f015d1a08ee2b968d6fdb84537390072846a803f0b60d81b30b5ab4
164	lanius_hot_daemon_variable_project	lanius	hot_daemon_variable_project	31	1000000	63.817	2.154	59.562	1.634	744ab3df3fcf642c5529fb5f304bfa05996359cca13dccfa0ce81a609e6dcbdd	f83334701bf5dd38705bdaab00d4156651cd0e1a5dd488f1cd243fd74f6b959d	21124d883146b99d7dc9f67c936ceb4f9c9e605ea3d1c0f8c44d332a68dd3d41
165	lanius_hot_daemon_variable_project	lanius	hot_daemon_variable_project	29	1000000	69.461	2.210	65.737	1.080	07b72e6876dd631a6da7567a54319e2b2b3039888735a37c1cf1a825336ff79a	365df77b014dd19ca97335d4026ce836a624d798838dc3b5b98a7a96e06c9e81	d1506f9b33d16a9d93f8b6aa03d6b12739f1b4a2fcb7403546b53e8c03fcff26
166	lanius_hot_daemon_variable_project	lanius	hot_daemon_variable_project	36	1000000	70.711	2.409	67.214	0.841	fddca85f0630361a2737994534b86158a198b1a6a880c6d5cabb2740301e36ae	1d711169783a642d0a121f64190d596afc31fdc4e9e24da28b384036211c4c1a	c52f2536a9e8462dc8d533cf99662098c86d035cd6e9fd58579e0c101c2e0aa5
167	lanius_hot_daemon_variable_project	lanius	hot_daemon_variable_project	34	1000000	61.713	1.998	58.688	0.794	44c0d234c59fd7f2e06d3d0f9115af82a6022c8d2c3daa8a7b96e9141eb5b5d2	f0d40b004a128913377db3d9333898e625ebe7fd835e8b9a65d38145076994b6	3840f7c45ddb32c37fa0e586d9ff9bfb4912684c08f3b5e8486e65337597eeca
168	lanius_hot_daemon_variable_project	lanius	hot_daemon_variable_project	35	1000000	62.287	2.036	59.092	0.946	9d2c69ab5875eace49089228f57e2cab4b84446f1a92cc5d89639a3cc929c77a	00695a78cabf782d48222a5b28901f1f8a060337124530e1bcbb046984c59c40	a93dbf1e95ddc4cfa84e9cd3cfa6c9e0e14affd79812abde4bca688224430a65
169	lanius_hot_daemon_variable_project	lanius	hot_daemon_variable_project	21	1000000	60.086	2.023	57.051	0.797	8eb4e8683fb224532c4d6d15021907c246add381dea876170cf630f37c3098f1	e5e0d3bce197371cc7121eecbc0a67ef116ce86a0a56b03f03e4ede28ec7fc91	4b8503f5cc3c887e174d8f87c11cbeaddf1d5c328173e46157233b97a91aae42
170	lanius_hot_daemon_variable_project	lanius	hot_daemon_variable_project	30	1000000	61.726	2.084	58.616	0.794	06eca4b6158b31719a976bcece5740c303568ede460e101cf237dad8854b70b0	c0f43755171124573859cfe89c29b0df00ac93d15ad4be07cf3cc5b2a91dcce6	31cdf141064994b026c768d958e74a47c2e1868687aadb038c9b93bdcac275b6
171	lanius_hot_daemon_variable_project	lanius	hot_daemon_variable_project	22	1000000	60.123	2.011	57.117	0.803	b2b07ed284593990b646419b9c312117ec95a4671e59499ee712d13055bad05b	311a6503339b8030cbce3afb4f7da17a34716035fd2f3844dc5416c8716ddde0	cb25726f1026acf87f2389188e9c5916403c489260944d537b814f812325f3f9
172	lanius_hot_daemon_variable_project	lanius	hot_daemon_variable_project	23	1000000	60.005	1.983	56.935	0.878	205fbe2f7551ce0d487f427f7a06cde8fe86122455d7e93877df8b1ebff4e3d0	95362cf0af077ac900952f6d00f1f5c009009257f0ffea6c69d799fee311aa85	a35a5e69d88d7a6780c200af2a370834cf58149be217857a7c783ebb1e1ea8b6
173	lanius_hot_daemon_variable_project	lanius	hot_daemon_variable_project	20	1000000	59.411	2.039	56.330	0.846	50b29a4e6a716b7f9c03e23c22c1acaf45c897ccdca0533b1039db6cd4bad1a7	e49961ac7d7e535f86d4f6bf6c0a91f51d1095c17f08dfc3138ab2a66d74d98d	7884a944a65f94cef35ac0813b3f4dbb2c59b017df71ea92162bff3b636ea4f2
174	lanius_hot_daemon_variable_project	lanius	hot_daemon_variable_project	25	1000000	58.067	2.008	54.965	0.896	88546f78e8da60a2b16b602b6ef3ed1f836d6fb765eac303abdf06a123eea6e5	65c8c37ec47348908f4f2c8a880cb9e607c6aa8f5c83b228a49ad5c1ec904709	7231b4356461444276804b82875365393249b8de04af57ebb55eda875c0cff1c
175	lanius_hot_daemon_variable_project	lanius	hot_daemon_variable_project	27	1000000	64.550	2.137	60.877	1.244	75d62d8fa1ee11111de2c68bc36cb52917cf82fc7c59e7a8ca360fb61a7772cd	3dc7bb599415fcb43618381dfcf370cd84d842b8dee72dabb4e2cff8fd435dfd	04e0e75067e564d696d0d38be18b52aca9e015c750ce94153f0f97edac76bcc9
176	lanius_hot_daemon_variable_project	lanius	hot_daemon_variable_project	28	1000000	65.487	2.136	62.103	0.988	fb2824ead821d34e51e0976b6002712d10fdf434f14f8f00bdb35b4cf556416f	cbd5688750a372cdd0d8d0a7e006d868e21ac42501715b16f9177e1a112a7767	181210f8f9c779c26da1d9b2075bde0127302ee0e3fca38c9a83f5b1dd8e5d3b
177	lanius_hot_daemon_variable_project	lanius	hot_daemon_variable_project	26	1000000	62.192	2.049	59.062	0.848	6a16bfaf87aceca72617b848d594808a08164d8611d69c725a0c7e2cdba51f6d	855211f6a19939a2f9ad318d80a2d4572c167764e451fd8a2084710dc5c10573	207db6cbeab7cf4aa8ddfbcec34f4df58186e3354cbe7822756864df81e7dc6f
178	lanius_hot_daemon_variable_project	lanius	hot_daemon_variable_project	32	1000000	66.130	2.055	62.954	0.873	672a4272cb129c4c15800bce51d489568fcf72d92e9de0e2129d361b5e15f1b8	ec27552563e6c20ed27f3e4aeebcce897d1e79911395210e9d5df4450c43783c	525940b113125824d48679d0e4c42322b3ea1c10366c499b6cdc6ca3819ad739
179	lanius_hot_daemon_variable_project	lanius	hot_daemon_variable_project	38	1000000	72.395	2.076	69.100	0.967	8b13ac5bfa4cce56eaecb02c3d7b12e26eb29b65dceaf90690f0b66ec506516a	7f1b38e64effdc25eeeee9c97c8e9b7441967000065d798f19e7793e71d1a0da	db230531d1c298300b8ba551d9e5db5b8fe63ea1c2ab453a9b851fcd7c9fefc3
