language	lane	samples	median_ms	mad_ms	min_ms	max_ms	lanius_runtime_ratio
c	debug	20	55.280283	0.1401690000000002	54.682204	93.173814	1.683027816626771
c	optimized	20	44.158535	0.3083129999999983	43.551227	50.993683	2.106914416431614
cpp	debug	20	55.201635499999995	0.14182449999999847	54.879647	82.99114	1.685425679099671
cpp	optimized	20	44.161629	0.20651650000000288	43.658685	51.163775	2.1067668042770795
rust	debug	20	77.4173385	0.3248390000000043	77.028926	105.341281	1.2017754136562055
rust	optimized	20	51.1226085	0.8533134999999987	50.170474	60.403088	1.8199042797278233
zig	debug	20	100.723196	0.37374399999999497	100.01805	133.817529	0.9237023614699438
zig	optimized	20	42.1482455	0.30097450000000237	41.686364	51.025801	2.2074051457254606
lanius	current	20	93.038254	0.5575949999999992	92.284989	118.19929	1.0
